0,1,2,3,4,5,6,7,8,9,10,11,12,13,14,15,16,17,18,19,20,21,22,23
[욕설],턱돼지,<,소통,불가능한,사회부적응자,,,,,,,,,,,,,,,,,,
[욕설],핑찍으면우물잠수,<<,패드립,박제,사진,,,,,,,,,,,,,,,,,,
[욕설],패드립,룰루,브실,구간,,,,,,,,,,,,,,,,,,,
[욕설],"이원일,",Visual,Jockey,<<,정치만,할,줄아는,무능,듀오,,,,,,,,,,,,,,
[욕설],mvp맨,사진,,,,,,,,,,,,,,,,,,,,,
[욕설],갱스터는살아있다,<-,정신병자,홍어,[1],사진,,,,,,,,,,,,,,,,,
[욕설],왕만두빵,군만두빵,패드리퍼,듀오님들,[1],,,,,,,,,,,,,,,,,,
[욕설],'예담밈',박제,신고,,,,,,,,,,,,,,,,,,,,
[욕설],'유하님',칼바람,패드리퍼!~,사진,,,,,,,,,,,,,,,,,,,
[욕설],'드줄때만이김',박제,신고,,,,,,,,,,,,,,,,,,,,
[욕설],매운,K,-,가스라이팅,,,,,,,,,,,,,,,,,,,
[욕설],변태싸이코똘아이/위험한조동원,변태싸이코똘아이/위험한조동원,변태싸이코똘아이/위험한조동원,변태싸이코똘아이/위험한조동원,변태싸이코똘아이/위험한조동원,변태싸이코똘아이/위험한조동원,변태싸이코똘아이/위험한조동원,변태싸이코똘아이/위험한조동원,변태싸이코똘아이/위험한조동원,,,,,,,,,,,,,,
[욕설],4Cushion,-,왜,엄한데에서,화풀이?,,,,,,,,,,,,,,,,,,
[욕설],01087047869,<-,고의적,트롤,(얘,탑,칼리,들고,ㅈㄱㅊㅇ,외침),,,,,,,,,,,,,
[욕설],다이아,사칭범,stanley,randolph,,,,,,,,,,,,,,,,,,,
[욕설],곽대호,곽방덕,듀오,<<<,인성,부족한넘들,,,,,,,,,,,,,,,,,
[욕설],SHAKO,SMOKE<<,ㅋㅋ,추잡하고,더럽네요^^,내용참고,사진,,,,,,,,,,,,,,,,
[욕설],우정,사랑,낭만,<,지능이,몇인지,궁금한,승률,타령충,,,,,,,,,,,,,,
[욕설],지건을배운먀옹이,<,0.9:1,KDA,승률,36%,야스오,보면,도망쳐라,,,,,,,,,,,,,,
[욕설],갓,GraB,갓,사진,,,,,,,,,,,,,,,,,,,
[욕설],부산할매선지국밥,꼴값유전,ㅋㅋ,,,,,,,,,,,,,,,,,,,,
[욕설],[감정,이입,및,욕설],<-처치,처치,처치,,,,,,,,,,,,,,,,
[욕설],GamerG90<---승률충,패드리퍼,,,,,,,,,,,,,,,,,,,,,
[욕설],공격수셰프,<,한심해서,말도,안나온다,,,,,,,,,,,,,,,,,,
[욕설],LAON아띠,사진,,,,,,,,,,,,,,,,,,,,,
[욕설],패드립,4인큐,응,애,예,링,/,림앳지,/,씨잼따깔이가꿈,/,기,웅,,,,,,,,,,
[욕설],ThreshAD,<,고의,패작,관종,,,,,,,,,,,,,,,,,,
[욕설],이런,인간,말종은,겜못하게하자,라이엇아,사진,,,,,,,,,,,,,,,,,
[욕설],은톨이------------->,악질유저,공유합니다,[8],,,,,,,,,,,,,,,,,,,
[욕설],킨드럐드<남탓시비충박제,,,,,,,,,,,,,,,,,,,,,,
[욕설],킨드럐드<---골4딱칼바람남탓정치비매,[4],,,,,,,,,,,,,,,,,,,,,
[욕설],솔킬따면너네이김,고의트롤,+,패드립,박제,사진,,,,,,,,,,,,,,,,,
[욕설],>>>>,극딜엔빨간약,<<<<,지능하자+손잭스,사진,,,,,,,,,,,,,,,,,,
[욕설],땡,보,-,패드립,/,Swimmer,패드립,하는,사람을,도와줌,,,,,,,,,,,,,
[욕설],I,Amaranth,I<<부모욕,패드립,성희롱,ni,me,30원,10,gal,bo,씹갈보,드립,,,,,,,,,,
[욕설],"반용용,","치치엉,",리리멍<<<,3인큐,정치질,트롤다인큐,,,,,,,,,,,,,,,,,
[욕설],내고추한라산,<--남탓,욕설충,,,,,,,,,,,,,,,,,,,,
[욕설],조밥ol,<골드구간,고의트롤러,,,,,,,,,,,,,,,,,,,,
[욕설],으아이양<우르프에서,바위게,뺐겼다고,각종,"패드립,",욕설,,,,,,,,,,,,,,,,,
[욕설],"C드라이브,",아멜리오스,<,고의트롤,솔랭,듀오,[1],,,,,,,,,,,,,,,,
[욕설],세월호,드립치는,정신나간,친구,참교육좀,,,,,,,,,,,,,,,,,,
[욕설],정의,따윈,없다,<,개념,실화냐,,,,,,,,,,,,,,,,,
[욕설],정신병걸린,유저박제,[바위게맨],,,,,,,,,,,,,,,,,,,,
[욕설],마스터,"이<<<<욕설,",트롤,[1],,,,,,,,,,,,,,,,,,,
[욕설],ㅇ!2미,보짓32구녕,핥으라는,유저,공개:,"""일언십할""",사진,,,,,,,,,,,,,,,,
[욕설],초,대,형,자,지,<----,트롤픽,+,캐리아,욕함,,,,,,,,,,,,,
[욕설],척,화,<<<,고의트롤,사진,,,,,,,,,,,,,,,,,,
[욕설],똥받아줘,<<<,고의트롤,사진,,,,,,,,,,,,,,,,,,,
[욕설],kimchi맨,<<<,고의트롤,사진,,,,,,,,,,,,,,,,,,,
[욕설],정상수의정상위썰,<-,가정교육이,얼마나,중요한지,알수있더라,,,,,,,,,,,,,,,,,
[욕설],뜩뚜기<<<<<고의트롤,패드리퍼,박제>>>,,,,,,,,,,,,,,,,,,,,
[욕설],예삐랑,"꿀이<<<악질유저,닉네임팔아서","친추오게함,욕설,패드립",,,,,,,,,,,,,,,,,,,,
[욕설],31살늙은탑<<<<<,"욕설,",트롤,사진,,,,,,,,,,,,,,,,,,,
[욕설],결국,봄은,오니까,<<<,고의트롤,",게임불참",",악의적으로",게임방해,,,,,,,,,,,,,,,
[욕설],Godog,<<<,"고의트롤,",욕설,",",게임방해,사진,,,,,,,,,,,,,,,,
[욕설],Kwon,Si,Woo,<<<<<,일베발언,사진,,,,,,,,,,,,,,,,,
[욕설],조선인의안락사만이유일한구원,<<<,사회부적응자,",",고의트롤,사진,,,,,,,,,,,,,,,,,
[욕설],Takin,My,Heart,<<<,고의트롤,",",사회부적응자,사진,,,,,,,,,,,,,,,
[욕설],원딜,근본,--,서폿,유미가,루덴갔다고,합류,안하고,삐져서,라인,먹음,,,,,,,,,,,,
[욕설],북해도고양이유미,<<<,"고의트롤,",아군게임방해,사진,,,,,,,,,,,,,,,,,,
[욕설],안소니,홉킨스,패드리퍼박제,,,,,,,,,,,,,,,,,,,,
[욕설],꿇뚫꿇뚫꿇뚫,<<,패드리퍼,>>,,,,,,,,,,,,,,,,,,,
[욕설],이게,플레4.....?,사진,,,,,,,,,,,,,,,,,,,,
[욕설],1월5일60억증발,<<<,일베,사진,,,,,,,,,,,,,,,,,,,
[욕설],희망사항,C컵,<<<,패드립,사진,,,,,,,,,,,,,,,,,,
[욕설],홍어퀸,<<<,사회부적응자,사진,,,,,,,,,,,,,,,,,,,
[욕설],그아가리좀닥쳐,<<<,사회부적응자,사진,,,,,,,,,,,,,,,,,,,
[욕설],늙고살찐병든뚱마,<<<,사회부적응자,사진,,,,,,,,,,,,,,,,,,,
[욕설],욕설,시비러,다리우스.요네충,,,,,,,,,,,,,,,,,,,,
[욕설],01030155962<<,불만,있는,베인,[1],사진,,,,,,,,,,,,,,,,,
[욕설],개인,저장용,[1],사진,,,,,,,,,,,,,,,,,,,
[욕설],은톨이,<-----,"욕설,",악질유저,박제합니다,[24],,,,,,,,,,,,,,,,,
[욕설],패드립,욕설,신고.,그러지맙시다.,,,,,,,,,,,,,,,,,,,
[욕설],패드립,및,지속적인,비속어,사용,"[후폭캉,후폭강]",듀오,,,,,,,,,,,,,,,,
[욕설],찍찍이쌤유튜브<,유튜버한테,패드립,당했습니다,[1],사진,,,,,,,,,,,,,,,,,
[욕설],안녕하쇼,,,,,,,,,,,,,,,,,,,,,,
[욕설],마치,UM처럼,이라는,글을,쓰는,리븐씨,사진,,,,,,,,,,,,,,,,
[욕설],패드립에,지역비하는,좀,아니지,않나?,,,,,,,,,,,,,,,,,,
[욕설],트롤픽,신고,차단,ㄱㄱ신고,ㄱㄱ,사진,,,,,,,,,,,,,,,,,
[욕설],욕설하고,대리받고,계삭하자길래,해서,졌는데,계삭안함,ㅇㅇ;;,사진,,,,,,,,,,,,,,,
[욕설],인간쓰래기,일반,4인큐,박제,ㅋ,,,,,,,,,,,,,,,,,,
[욕설],고소인증3),검찰에서,조정연락왔습니다,사진,,,,,,,,,,,,,,,,,,,
[욕설],스킨,환불,교환,,,,,,,,,,,,,,,,,,,,
[욕설],징징이들많네,,,,,,,,,,,,,,,,,,,,,,
[욕설],아르카나,쟤라스,헬퍼의심유저입니다.,[1],,,,,,,,,,,,,,,,,,,
[욕설],지건,매렵No<<,실버구간,패작,던짐.,,,,,,,,,,,,,,,,,,
[욕설],반드시,올라간다,<-,원딜유저,고의트롤입니다,사진,,,,,,,,,,,,,,,,,
[욕설],노콘거부중,<<<,버스타면서,"욕설,패드립하는",악질유저,,,,,,,,,,,,,,,,,,
[욕설],싸장님아내맛잇섭,무결성처형님,이글을,보시길..,,,,,,,,,,,,,,,,,,,
[욕설],저능아,탐지기,<-,저능아,닉값하려는건가,,,,,,,,,,,,,,,,,,
[욕설],[박제],롤닉:,GOODBOYGH,1:1,5만원빵,지고,런,사진,,,,,,,,,,,,,,,
[욕설],상하이에서,롤하는,뇌없는,중국인,3명,박제합니다,,,,,,,,,,,,,,,,,
[욕설],게임이,끝나고나서,욕설을,했습니다,[2],사진,,,,,,,,,,,,,,,,,
[욕설],"백핑세번미드오픈,윰냥꽁냥<<",패드립,및,정부비판과,게임방해,조심하세요,,,,,,,,,,,,,,,,,
[욕설],실리카겔,칼바람,패드리퍼,고소,할,예정,[2],,,,,,,,,,,,,,,,
[욕설],마스터,티어라고,속이고,연승팟겜에서,팀원들하고,싸우고,욕박고,나간사람,차단,아이디,여러개,다,복붙해옴,,,,,,,,,,
[욕설],이즈리뽕,<<,패드립,및,던짐,비매너플레이어,사진,,,,,,,,,,,,,,,,
[욕설],계정,공유,비매,유저,"""",AUTHORITARIANISM,"""",,,,,,,,,,,,,,,,
[욕설],응팔류준열,<<,패드립및,게임진행방해,,,,,,,,,,,,,,,,,,,
[욕설],원자력노조위원장,<<,예비,살인마.,;;,사진,,,,,,,,,,,,,,,,,
[욕설],아영이는이뻐-탑하고,싸우더니,ad리신에서,던지다가,템팔고,에이피로,갈아탐,,,,,,,,,,,,,,,,
[욕설],패드립하는,병신고아,바텀듀오박제,,,,,,,,,,,,,,,,,,,,
[욕설],덜거덕-패드립,,,,,,,,,,,,,,,,,,,,,,
[욕설],입털면템바로팜-고의트롤,적에게,죽어주고,다른라인가서,경치,스틸,,,,,,,,,,,,,,,,,
[욕설],람머르기니부릉,<=,패드립,고의트롤,,,,,,,,,,,,,,,,,,,
[욕설],상대편이었는데,시참끝나고,욕하길래,사진,,,,,,,,,,,,,,,,,,,
[욕설],군대전에다이아,<<마스터,100점인데,실버에서,20분,12뎃,박고,떳떳함,[2],,,,,,,,,,,,,,
[욕설],미드벡스,픽박고,지가,못해놓고선,정글탓하는,러지,[최고다주연짱],[5],,,,,,,,,,,,,,,
[욕설],악질,유저,3분,[4],,,,,,,,,,,,,,,,,,,
[욕설],못,참,는,다,2,/,UNGUNGYEE,실버듀오,욕설,및,패드립,사진,,,,,,,,,,,
[욕설],몰락한왕의검,[1],,,,,,,,,,,,,,,,,,,,,
[욕설],은톨이,<<--,"욕설,",악질유저,[2],,,,,,,,,,,,,,,,,,
[욕설],통매음,[18],사진,,,,,,,,,,,,,,,,,,,,
[욕설],칼바람에도,일베,개많네,,,,,,,,,,,,,,,,,,,,
[욕설],DK,innovation,<<,욕설,및,패드립,,,,,,,,,,,,,,,,,
[욕설],브론즈,틀딱새기들은,죽어야됨,ㄹㅇ,,,,,,,,,,,,,,,,,,,
[욕설],별,솜사탕,무조건,닺지,필수,,,,,,,,,,,,,,,,,,
[욕설],중궁인...,조심하세요,ㅋㅋ,[3],사진,,,,,,,,,,,,,,,,,,
[욕설],사사게가뭔데,ㅋㅋㅋㅋㅋㅋㅋㅋ,[1],,,,,,,,,,,,,,,,,,,,
[욕설],친추를,왜,하세유~,[4],사진,,,,,,,,,,,,,,,,,,
[욕설],엄청난,채팅제한,사유,다들,조심하세요,★필독!!!,[3],사진,,,,,,,,,,,,,,,
[욕설],코lo나환자,-,패드립,및,지한테,갱,안왔다고,합류,절대한하고,사이드에서,잘리기만함,,,,,,,,,,,,
[욕설],물만두장인,<,패드립,/,고소당하기,싫으면,친추,받으세요,[1],,,,,,,,,,,,,,
[욕설],내,지시,좀,들어,<<,패드립,[8],사진,,,,,,,,,,,,,,,
[욕설],하우지꼬부기,<,자칭,다이아,생배,임시,티어,브론즈,비디오,,,,,,,,,,,,,,
[욕설],"아이디:(땅떠기,국방부조사본부)실거주",및,정보,주시면,사례,,,,,,,,,,,,,,,,,,
[욕설],sorroda,정글그브,하던사람,,,,,,,,,,,,,,,,,,,,
[욕설],칼바람나락소라카,<<,베인,상대로,2인분했는데,서폿,럭스한테,억까,당했다,사진,,,,,,,,,,,,,
[욕설],바람에게님,보세요^^,,,,,,,,,,,,,,,,,,,,,
[욕설],패드립,욕설,신고,사진,,,,,,,,,,,,,,,,,,,
[욕설],다1,아이디:,데이터쌓기,패드립,,,,,,,,,,,,,,,,,,,
[욕설],욕하는건,참겠는데,자살해라,이런,말을,하지말자,사진,,,,,,,,,,,,,,,,
[욕설],"조헤리니,RINRINI",실버2,꼴값하등듀오,,,,,,,,,,,,,,,,,,,,
[욕설],밤빵맛,700판,실버1,꼴값주댕이,,,,,,,,,,,,,,,,,,,
[욕설],66x,/,옐로우스완,웃기는,애들,,,,,,,,,,,,,,,,,,
[욕설],신분을숨긴소녀,고의트롤,,,,,,,,,,,,,,,,,,,,,
[욕설],가끔,들와서,겜하다,칼바람,하는데,이상한,애들,많아짐,,,,,,,,,,,,,,,
[욕설],oklol,<<<,고의트롤,유저,사진,,,,,,,,,,,,,,,,,,
[욕설],ㅋㅋㅋ,이쉑,개트롤이던데,,,,,,,,,,,,,,,,,,,,
[욕설],계정,채금은,먹기,싫고,당당하지,못한,좆밥,둘,,,,,,,,,,,,,,,
[욕설],새벽에,등장한,칼바람,슈퍼일진,(닉네임:,별빛노래),,,,,,,,,,,,,,,,,
[욕설],WhenDovesCry,<<<<<,고의트롤,사진,,,,,,,,,,,,,,,,,,,
[욕설],억까,정치,듀오,ㅋㅋㅋ,사진,,,,,,,,,,,,,,,,,,
[욕설],생각대로기사문의,<<<<<,대리충,사진,,,,,,,,,,,,,,,,,,,
[욕설],전문,패작러,3명,이분들,보시면,닷지,하셔야합니다,[1],비디오,,,,,,,,,,,,,,
[욕설],이야,이런,야무진애없습니다...신고좀,,,,,,,,,,,,,,,,,,,,
[욕설],간만에,던진애,봤다.,[1],,,,,,,,,,,,,,,,,,,
[욕설],우주초l강피오라,징징,남탓,패드리퍼,박제,,,,,,,,,,,,,,,,,,
[욕설],"패드립,장애인비하,욕설,고아",박제.,,,,,,,,,,,,,,,,,,,,,
[욕설],이게정지먹을만한,채팅같음?,ㅈ같이억울하네,[2],사진,,,,,,,,,,,,,,,,,,
[욕설],[부바왓슨],욕설,및,패드립,[1],사진,,,,,,,,,,,,,,,,,
[욕설],AD킬러말파,패드립,트롤,욕설,조심해라,,,,,,,,,,,,,,,,,,
[욕설],미오맘,<<<,대리충,사진,,,,,,,,,,,,,,,,,,,
[욕설],패드립하는친구,사진,,,,,,,,,,,,,,,,,,,,,
[욕설],두툼한고기카레,사진,,,,,,,,,,,,,,,,,,,,,
[욕설],냥뀨,<,라인전,개박살나고,끝나고,입여는괴물^^,,,,,,,,,,,,,,,,,
[욕설],내가문제냐,<<,전판지고,화났는지,그냥,고의트롤,사진,,,,,,,,,,,,,,,,
[욕설],gk2yo,패드립,욕설,게임방해,대리,,,,,,,,,,,,,,,,,,
[욕설],토끼는빠르지/예,문,,,,,,,,,,,,,,,,,,,,,
[욕설],탑성애자,,,,,,,,,,,,,,,,,,,,,,
[욕설],jesus,shot,,,,,,,,,,,,,,,,,,,,,
[욕설],IlillilIIliliII,님,보세요.,[1],,,,,,,,,,,,,,,,,,,
[욕설],럐영,(갑질),사진,,,,,,,,,,,,,,,,,,,,
[욕설],[욕설],z주노z,사진,,,,,,,,,,,,,,,,,,,,
[욕설],섹시한,스윙칩,봐라,,,,,,,,,,,,,,,,,,,,
[욕설],섹시한,스윙칩봐라,,,,,,,,,,,,,,,,,,,,,
[욕설],whdydglrpagk,원양어선노예,,,,,,,,,,,,,,,,,,,,,
[욕설],whdydglrpagk,원양어선노예,,,,,,,,,,,,,,,,,,,,,
[욕설],유미는츄르츄릅,,,,,,,,,,,,,,,,,,,,,,
[욕설],장애를,가진,사람이,실제로,게임중,장애인비하하는,채팅을,본다면,기분이,어떨,것,같나요?,,,,,,,,,,,
[욕설],라인,뺏는,방법,-,자두빙수,사진,,,,,,,,,,,,,,,,,
[욕설],입술에순보,.,lookingforwife,사진,,,,,,,,,,,,,,,,,,,
[욕설],칼바람,3인큐,정치,벌레,'앞뒤로피나는남자',박제,사진,,,,,,,,,,,,,,,,
[욕설],제정신,아닌,매크로,패드리퍼,칼바람,슈퍼일진,사진,,,,,,,,,,,,,,,,
[욕설],세월호,피해자,물고기밥,드립은,진짜,아니지,않나요?,사진,,,,,,,,,,,,,,,
[욕설],정글탓이얌,<,꼴깞,1위,,,,,,,,,,,,,,,,,,,
[욕설],닷지유도,[낙지탕탕이이],박제합니다.,듀오도,포함,사진,,,,,,,,,,,,,,,,,
[욕설],>>>안정적인,후반폿,<<<,골드,1,고의,트롤러,주의하세요,,,,,,,,,,,,,,,
[욕설],패드립,,,,,,,,,,,,,,,,,,,,,,
[욕설],솔랭,구르미그린별빛.,,,,,,,,,,,,,,,,,,,,,
[욕설],테콩,,,,,,,,,,,,,,,,,,,,,,
[욕설],김초토,트롤러새끼박제,사진,,,,,,,,,,,,,,,,,,,,
[욕설],많고많은,패드립유저,사진,,,,,,,,,,,,,,,,,,,,
[욕설],패드립퍼,닉네임,공개,,,,,,,,,,,,,,,,,,,,
[욕설],뽕긴v,<-,채팅,좀,그만,쳐.,사진,,,,,,,,,,,,,,,,
[욕설],뽀득뽀득,퐁퐁,,,,,,,,,,,,,,,,,,,,,
[욕설],소추감별사.뽀꼴름,자기소개,잘함,사진,,,,,,,,,,,,,,,,,,,
[욕설],정글엄마사냥꾼,듀오하는,천애고아,창년,,,,,,,,,,,,,,,,,,,
[욕설],헤이스툐,<-,쫄아서,캐삭빵,토낌,,,,,,,,,,,,,,,,,,
[욕설],닷지,패널티,패치,?,진정,생각하고,패치한거,맞음?,[2],사진,,,,,,,,,,,,,
[욕설],고기는,몸에,좋다,<,11년차,골딱이,부캐드립,,,,,,,,,,,,,,,,
[욕설],갱와봐개때려줄게,<<-----,패드립,(스크린샷),사진,,,,,,,,,,,,,,,,,,
[욕설],뿌이잉뿌힝,<<,패드립에,스왑안해주니까,던지는,트롤러,,,,,,,,,,,,,,,,,
[욕설],3캠프,<,한심한쓰레기,ㅋㅋ,,,,,,,,,,,,,,,,,,,
[욕설],내,루트,따라줘,<<<,사회부적응자,사진,,,,,,,,,,,,,,,,,
[욕설],바로,패드립은,심하지,않니,ㅋㅋ,사진,,,,,,,,,,,,,,,,,
[욕설],앨러뷰쏘머취,<<,패드립,및,혐오발언,[1],사진,,,,,,,,,,,,,,,,
[욕설],딥딥블루,고모할머,패작,조심하세요,,,,,,,,,,,,,,,,,,,
[욕설],Renata,user,<,꼴값좀떨지마라,,,,,,,,,,,,,,,,,,,
[욕설],라이엇,30일,"계정정지,",맞다고,생각하십니까?,사진,,,,,,,,,,,,,,,,,
[욕설],손하은어딨어,게임안하고,핵프로그램,사용합니다,영정,먹여주세요,,,,,,,,,,,,,,,,,
[욕설],마이구미,아가미,조심,하세요.,,,,,,,,,,,,,,,,,,,
[욕설],원챔전용계정,<<<,무개념,패드리퍼,[2],사진,,,,,,,,,,,,,,,,,
[욕설],실력은이티어아님,<<<,사회부적응자,사진,,,,,,,,,,,,,,,,,,,
[욕설],박티모00,,,,,,,,,,,,,,,,,,,,,,
[욕설],FANCILESS,<---격전,파티,강제,해제하는,씨벌련,,,,,,,,,,,,,,,,,
[욕설],Fangaea,,,,,,,,,,,,,,,,,,,,,,
[욕설],4명이서,귀엽네,ㅋㅋ,[1],사진,,,,,,,,,,,,,,,,,,
[욕설],자칭,교육청공무원,패드립퍼,아이디,:,뉴질랜드,[1],사진,,,,,,,,,,,,,,,
[욕설],독송이버섯농장2,"<ㅡㅡㅡㅡㅡㅡ욕설,패드립",유저박제,,,,,,,,,,,,,,,,,,,,
[욕설],침대,위,상위티어,&lt;&lt;,욕설,,,,,,,,,,,,,,,,,,
[욕설],용왕국,<<<,사회부적응자,사진,,,,,,,,,,,,,,,,,,,
[욕설],박제,해드립니다(우노노,외,친구들),사진,,,,,,,,,,,,,,,,,,
[욕설],{게임방해}{욕설}3인팟01097060726,사진,,,,,,,,,,,,,,,,,,,,,
[욕설],탑으로,따라와<패드립4인팟,,,,,,,,,,,,,,,,,,,,,
[욕설],방으로,따라와<패드립4인팟,,,,,,,,,,,,,,,,,,,,,
[욕설],북으로,따라와<패드립,4인팟,,,,,,,,,,,,,,,,,,,,
[욕설],산으로,따라와<패드립,사진,,,,,,,,,,,,,,,,,,,,
[욕설],프,쿠,<<<,사회부적응자,사진,,,,,,,,,,,,,,,,,,
[욕설],Reproof,타워에,고의,죽음,및,욕설,수준,사진,,,,,,,,,,,,,,,
[욕설],혜릿히릿<<22년2월11일밤11시티모픽,,,,,,,,,,,,,,,,,,,,,,
[욕설],쪼준호,<--,솔랭자랭,골딱이가,챌유저인지,모르고,무시하다,개쪽당하고튐,사진,,,,,,,,,,,,,,
[욕설],"영국노루,",뿌쀼기관차,1:1,캐삭빵,튐ㅋㅋ,[1],사진,,,,,,,,,,,,,,,,
[욕설],신지도이해도99,<<<,사회부적응자,사진,,,,,,,,,,,,,,,,,,,
[욕설],김미달<<<<<<,머가리에와드박기<<<<<<,머리에,뭐가,든,건지ㄷㄷ,,,,,,,,,,,,,,,,,
[욕설],80만,게임,유튜버,G씨,기사가,떴는데,이거,누구갔냐?,[1],,,,,,,,,,,,,,
[욕설],smooth의근원<-인간이기를,포기하셨나요?,,,,,,,,,,,,,,,,,,,,,
[욕설],퇴물갓자크<<<<진짜,정신병걸릴거같네,,,,,,,,,,,,,,,,,,,,,
[욕설],북한산너굴너굴,<<<,"사회부적응자,남탓러",사진,,,,,,,,,,,,,,,,,,,
[욕설],도구야물어지금,<<<,인성,"파탄,",게임방해,사진,,,,,,,,,,,,,,,,,
[욕설],즈응흐르스브름으,<<,정신병,아칼리,필밴,차단,신고해주세요,사진,,,,,,,,,,,,,,,
[욕설],Haskami,넌,왜,갑자기,나한테,욕이니?,,,,,,,,,,,,,,,,,
[욕설],학주,"딱대,",이건봇가는아이디,--->,비논리,"플레이,",패드립,및,조롱,[2],사진,,,,,,,,,,,,
[욕설],곰돌이아이스크림,<,꼴값1위,,,,,,,,,,,,,,,,,,,,
[욕설],유튜버,건히,다이아1티어,구간,트롤,유저,비디오,사진,,,,,,,,,,,,,,,
[욕설],욕하고,1ㄷ1,계삭빵,튄,놈,------>,블루없음던질게,,,,,,,,,,,,,,,,
[욕설],김기폴텍슨,소띠<,탈주,듀오,사진,,,,,,,,,,,,,,,,,,
[욕설],단국대,21학번,<,주댕이만산,하루종일징징대는넘,,,,,,,,,,,,,,,,,,
[욕설],고소인증02),28일,낮에,고소장,접수하고왔습니다.,사진,,,,,,,,,,,,,,,,,
[욕설],김천개령중탑솔러,<<<,우릎,진지충,패드리퍼,[1],,,,,,,,,,,,,,,,,
[욕설],너무아프게하는걸,,,,,,,,,,,,,,,,,,,,,,
[욕설],"쟈쓰쟈쓰,쟈레쟈레","게임방해,패드립",악성듀오,사진,,,,,,,,,,,,,,,,,,,
[욕설],고소예정01)나이먹고는,싹다,무죄방면,해주고,있었는데,[2],사진,,,,,,,,,,,,,,,,
[욕설],(nyaetam),일베,왜케많냐,진짜,사진,,,,,,,,,,,,,,,,,,
[욕설],내가본,최고의,악질욕설러,[4],,,,,,,,,,,,,,,,,,,
[욕설],미치게하는남자,<,실버,프로게이머,,,,,,,,,,,,,,,,,,,
[욕설],인생그랩김레쉬,<<<,입에,담기조차,힘든,패드립을,몇개씩이나,하는,유저,[1],,,,,,,,,,,,,
[욕설],웃대학과,<<,혜지가,칼바람에서,정치질,,,,,,,,,,,,,,,,,,
[욕설],육각도형,(본인피셜,youtube,HAK),<<<,"남탓,",고의,잠수,및,게임,미참,욕설,트롤러,[1],,,,,,,,,
[욕설],서라벌고등학교,<,--,그냥,게임,안합니다,,,,,,,,,,,,,,,,,
[욕설],난너만그리노라,<---,무지성,무논리,"시비,",정치하려고,노력함,[1],,,,,,,,,,,,,,,
[욕설],귀살대,최현석,<<<,무지성,픽창,패드리퍼,박제,^^,[3],,,,,,,,,,,,,,
[욕설],칼바람,필패병기들,아무것도안함,똥망,쓰레기들,사진,,,,,,,,,,,,,,,,,
[욕설],어떻게성이류야/조,강,서,악질,듀오,사진,,,,,,,,,,,,,,,,,
[욕설],엄청,닉값하네,ㅋㅋㅋㅋㅋㅋ,사진,,,,,,,,,,,,,,,,,,,
[욕설],내,마눌,김새론,,,,,,,,,,,,,,,,,,,,
[욕설],18764,<<,정글,트롤러.,,,,,,,,,,,,,,,,,,,
[욕설],오늘처음합니돠,<<,꼴값떨지말고,칼바람이나쳐해,,,,,,,,,,,,,,,,,,,
[욕설],라인,뺏는,친구,등장이요,사진,,,,,,,,,,,,,,,,,,
[욕설],악질,듀오,참,멋지네,ㅋㅋ,사진,,,,,,,,,,,,,,,,,
[욕설],죽기만하는,트롤러,:,나만씨팅해,사진,,,,,,,,,,,,,,,,,,
[욕설],"욕설,",패드립,신고,사진,,,,,,,,,,,,,,,,,,,
[욕설],어뷰징,패작러,듀오,'삐,"컵',",'저는,정신장애',사진,,,,,,,,,,,,,,,
[욕설],욕설박제,추적관리,앱/웹에,신고해보세요,,,,,,,,,,,,,,,,,,,
[욕설],이런,애들은,교육못하나요,[1],,,,,,,,,,,,,,,,,,,
[욕설],못하면,조용히라도,있으면,좋을텐데,[2],사진,,,,,,,,,,,,,,,,,
[욕설],성희롱,차단리스트,[3],사진,,,,,,,,,,,,,,,,,,,
[욕설],강현동이,[1],,,,,,,,,,,,,,,,,,,,,
[욕설],동인천고,재학중인,youslow,[1],,,,,,,,,,,,,,,,,,,
[욕설],0티어,나르,<<,나르만,시즌,300판,박고,플래,못간,새끼,박제,ㅋㅋ,사진,,,,,,,,,,
[욕설],Notion라온<<,패드립,욕설,박제,,,,,,,,,,,,,,,,,,,
[욕설],뱃살통통볼살통통,템파는,악질유저,,,,,,,,,,,,,,,,,,,,
[욕설],요즘은,이런걸로도,뭐라,하네,ㅋㅋ,사진,,,,,,,,,,,,,,,,,
[욕설],wildhogs,패드리퍼,남탓충님,꼭,보세요,사진,,,,,,,,,,,,,,,,,
[욕설],왤케,정신병들을,드러내고,싶으실까,사진,,,,,,,,,,,,,,,,,,
[욕설],TnT,"AD,",20년,"언제오냐,",문도식칼,《,잼민이,3인방,박제요,[1],,,,,,,,,,,,,
[욕설],유리전이온도,박제요~,[1],,,,,,,,,,,,,,,,,,,,
[욕설],방앗간,넌,내가,고소때린다.,[5],사진,,,,,,,,,,,,,,,,,
[욕설],크리스마스라,그런가,무서운분들,많음,사진,,,,,,,,,,,,,,,,,,
[욕설],오늘도,롤은,재밌구만,ㅋㅋㅋ,[3],사진,,,,,,,,,,,,,,,,,
[욕설],'히트스캔',대리유저,박제요~,,,,,,,,,,,,,,,,,,,,
[욕설],e,캠퍼스,<<,1600판실버,현지인님,1:1,털어준다면서요,ㅋㅋ,,,,,,,,,,,,,,,
[욕설],욕이,안,나오면,섭하지,ㅎㅎ,사진,,,,,,,,,,,,,,,,,
[욕설],나다니엘클라인,->세월호,고인,능욕,사진,,,,,,,,,,,,,,,,,,
[욕설],역시,오늘도,즐거운,롤,^^,사진,,,,,,,,,,,,,,,,,
[욕설],IDhaf,님,ap코르키,처,가셔놓고,패드립하시는데,,,,,,,,,,,,,,,,,
[욕설],보지냉,보지냉국,불건전,아이디,및,패드립,박제,사진,,,,,,,,,,,,,,,
[욕설],연지츄<-,남성혐오,유발,발언,및,남여갈등,조장,+,일베충,언어사용,,,,,,,,,,,,,
[욕설],방성빈..패드립..,사진,,,,,,,,,,,,,,,,,,,,,
[욕설],쁘띠은수,조심하세요,사진,,,,,,,,,,,,,,,,,,,,
[욕설],FaramChild,<<,헬퍼사용,,,,,,,,,,,,,,,,,,,,
[욕설],아직도,이런,정신병자들이,많구나,[1],사진,,,,,,,,,,,,,,,,,
[욕설],오늘도,즐거운,롤~^^,사진,,,,,,,,,,,,,,,,,,,
[욕설],황령산왕모기님,봐주세요,,,,,,,,,,,,,,,,,,,,,
[욕설],패드리퍼,등장,사진,,,,,,,,,,,,,,,,,,,,
[욕설],브.실,트롤러,입니다,,,,,,,,,,,,,,,,,,,,
[욕설],제,정신,박힌,것들이,별로,없냐?,,,,,,,,,,,,,,,,,
[욕설],오늘도,롤은,즐겁다,ㅋㅋㅋㅋ,[3],사진,,,,,,,,,,,,,,,,,
[욕설],모욕죄나,통매음,기준이,궁금함,[1],,,,,,,,,,,,,,,,,,
[욕설],여러분,이게,고소가,되나요??한번만,읽어주세요,[3],,,,,,,,,,,,,,,,,
[욕설],.,,,,,,,,,,,,,,,,,,,,,,
[욕설],하꼬,스트리머(트위치),삐나님,템팔고,게임을,안하네요,[2],,,,,,,,,,,,,,,,
[욕설],콘칩과,친구야,느그,듀오,ㅈ됏네,ㅋㅋㅋ,[3],,,,,,,,,,,,,,,,
[욕설],gannase77i,님,700판,처박고,골드4,달으신거,자랑아니에요,,,,,,,,,,,,,,,,
[욕설],T1,Youngzz<니애미,먹는중,ㅆ발련,시즌9,골3,56점,영구박제.,[2],사진,,,,,,,,,,,,,
[욕설],PS머머리,욕설러,신고,,,,,,,,,,,,,,,,,,,,
[욕설],라인,뺏었으면,던지진,말아야지~,ㅋㅋ,사진,,,,,,,,,,,,,,,,,
[욕설],더블업,상습,탈주범,박제,사진,,,,,,,,,,,,,,,,,,
[욕설],오늘도,롤은,즐겁다,ㅋㅋㅋ,사진,,,,,,,,,,,,,,,,,,
[욕설],성희롱,잼민이,박제,사진,,,,,,,,,,,,,,,,,,,
[욕설],욕을,들어야,하는,이유,사진,,,,,,,,,,,,,,,,,,
[욕설],TFT,더블업,트롤행위,',같은그림찾는사람,',사진,,,,,,,,,,,,,,,,
[욕설],칼바람,시비충,[1],사진,,,,,,,,,,,,,,,,,,,
[욕설],고의트롤,"""케이틀린""",신고합니다.,사진,,,,,,,,,,,,,,,,,,,
[욕설],회잇,[1],,,,,,,,,,,,,,,,,,,,,
[욕설],세월호드립및,패드립,"""찬스쿤""",(Say,out,loud,돼지우리안,첵디out나는JSS,호위스티드페이트,남동언,아조작살,수능전날계정만듦,김영임,최고당돈까스녀,나무아카데미),사진,,,,,,,
[욕설],영입,[2],,,,,,,,,,,,,,,,,,,,,
[욕설],힐팩,양보안했다고,한마디했더니,[2],사진,,,,,,,,,,,,,,,,,,
[욕설],롤,재미있네요,ㅋㅋㅋ,[1],사진,,,,,,,,,,,,,,,,,,
[욕설],패드립하는,애들은,바로바로,신고해줍시다.,사진,,,,,,,,,,,,,,,,,,
[욕설],파밍하다가,욕먹고,패드립먹음,사진,,,,,,,,,,,,,,,,,,,
[욕설],망깅이님,꼭,봐주세요,,,,,,,,,,,,,,,,,,,,
[욕설],영조<시즌3브론즈,근본,버러지,영구박제.,사진,,,,,,,,,,,,,,,,,,
[욕설],인누와,자기야<애미,터진,잼민이.,21시즌,골3,52점,영구박제.,사진,,,,,,,,,,,,,,
[욕설],챌린저에요<개버러지에요,시즌6,실1,18점,박제.,사진,,,,,,,,,,,,,,,,,
[욕설],임형준2,<<승격전,고의트롤러,박제여,[1],,,,,,,,,,,,,,,,,,
[욕설],솔방울터트려서,피해줘놓고,시비거는,잼민이,,,,,,,,,,,,,,,,,,,
[욕설],박다현롤잘함<애미,뒤짐,인증.,시즌8,골3,68점,[1],사진,,,,,,,,,,,,,,,
[욕설],[패드립],권용쥰,박제,[2],사진,,,,,,,,,,,,,,,,,,
[욕설],그저,'잼',사진,,,,,,,,,,,,,,,,,,,,
[욕설],김치의신,갓김치,<<,비매너및,선시비,,,,,,,,,,,,,,,,,,
[욕설],ccccx,<<,계정도용,,,,,,,,,,,,,,,,,,,,
[욕설],도윤이원딜감<<,랭겜에서,깝1치길래,1:1,발린거박제,사진,,,,,,,,,,,,,,,,,
[욕설],뭔,50분,게임을,하냐~,사진,,,,,,,,,,,,,,,,,,
[욕설],패드립,박제,사진,,,,,,,,,,,,,,,,,,,,
[욕설],아산코로나,<<계정도용,비매너유저,,,,,,,,,,,,,,,,,,,,
[욕설],패드립퍼,욕설,박제,,,,,,,,,,,,,,,,,,,,
[욕설],보이면,뒤져요,-,말뚝딜?,,,,,,,,,,,,,,,,,,,
[욕설],삶의행복,-,욕설,유저,사진,,,,,,,,,,,,,,,,,,
[욕설],미드위주로공략,천애고아,창년,,,,,,,,,,,,,,,,,,,,
[욕설],유틸폿,하는,사람한테,성희롱+패드립+욕설,,,,,,,,,,,,,,,,,,,
[욕설],휘슬리z,<<<,계정도용,유저,,,,,,,,,,,,,,,,,,,
[욕설],원딜,자야,물방개형님,닉네임,유져,만나면,걍,닷지하셈,,,,,,,,,,,,,,,
[욕설],트롤러,하..,부케로,왜그러는걸까,,,,,,,,,,,,,,,,,,,
[욕설],나락사일,Brainer,NO,패작듀오,패드립,조심하세요,사진,,,,,,,,,,,,,,,,
[욕설],바타유,<ㅡ,잠수충,쓰래기,거르세요,,,,,,,,,,,,,,,,,,
[욕설],패드립,아니면,입,못여는,친구,3명,사진,,,,,,,,,,,,,,,,
[욕설],페미,전사,피해가세요~,2명,,,,,,,,,,,,,,,,,,,
[욕설],추락하는,새벽별,<<,패드립,,,,,,,,,,,,,,,,,,,
[욕설],고소후기,쓰려고하는데,2랩이상,어케되죵,이미지첨부가,안되염,,,,,,,,,,,,,,,,,
[욕설],서울원용정점,만나면,피하세요,,,,,,,,,,,,,,,,,,,,
[욕설],이거시롤입니까<유미뒤진애,박제,시즌,20시즌,실4,0점,사진,,,,,,,,,,,,,,,,
[욕설],Newzhoongdan,보고있냐,쫄보야,ㅋㅋㅋㅋㅋㅋㅋ,[1],,,,,,,,,,,,,,,,,,
[욕설],맹독독사,트롤러신고,,,,,,,,,,,,,,,,,,,,,
[욕설],1대1,캐삭빵,하기로,한,친구가,도망을,가네요,ㅋㅋ,,,,,,,,,,,,,,,
[욕설],실골구간,이은재<<,그냥,자기맘에안들면부모욕,사진,,,,,,,,,,,,,,,,,,
[욕설],날막아봐이애송아,<<<<잼민이,박제,,,,,,,,,,,,,,,,,,,,
[욕설],야소가,궁,안써줬다고,던지는,브라움,,,,,,,,,,,,,,,,,,
[욕설],멘탈,바싹<<,,,,,,,,,,,,,,,,,,,,,
[욕설],캘러웨이홍보대사<<,자랭,트롤,탈주,,,,,,,,,,,,,,,,,,,
[욕설],기록용,,,,,,,,,,,,,,,,,,,,,,
[욕설],여보,봇이,터져요,대웅아조용히좀,,,,,,,,,,,,,,,,,,,
[욕설],정치하는,혜지<애미,뒤질때,힐,안써준듯,시즌5,브론즈4,6점,버러지,박제,사진,,,,,,,,,,,,
[욕설],꿍디빵디,팡팡<ㅂㄹㅈ,한마리,추가요,시즌7,실2,21점,사진,,,,,,,,,,,,,,,
[욕설],벤츠보다빈츠<버러지,잼민이,영구박제.,사진,,,,,,,,,,,,,,,,,,,
[욕설],847847<버러지,잼민이.,영구박제.,사진,,,,,,,,,,,,,,,,,,,
[욕설],-가사노동자-,이럴꺼면,초대는,왜,한거임?,사진,,,,,,,,,,,,,,,,,
[욕설],KBgouerzi<애미,터짐.,시즌8,실4,100점,ㅂㄹㅈ,영구박제,사진,,,,,,,,,,,,,,,
[욕설],푸른,화살,애쉬<영구박제,시즌5,실4,0점,ㅂㄹㅈ,사진,,,,,,,,,,,,,,,
[욕설],윤협,해운대bhc사장,궁극의,딜냥이,,,,,,,,,,,,,,,,,,,
[욕설],i,love,park,얌전히,겜하는데,티어,들먹이면서,처형으로,킬딸이나,한다고,정치하는,유저,,,,,,,,,,,
[욕설],',Foucs9',패작유저,박제,골플구간,,,,,,,,,,,,,,,,,,
[욕설],예쁘지않은페미니스트한도우<고아,애미,보지,흑보,시즌9,실버4/,4점,영구박제,사진,,,,,,,,,,,,,,
[욕설],트롤,패드리퍼,개노답,3형제,사진,,,,,,,,,,,,,,,,,,
[욕설],-,잼민판테온,-,굳히,닉값,안,하셔도,됩니다,사진,,,,,,,,,,,,,,
[욕설],도촉,<<<,패드립,유저,영구,박제합니다.,사진,,,,,,,,,,,,,,,,
[욕설],롤,계정,탈퇴,후,닉네임,언제,먹을,수,있음?,,,,,,,,,,,,,,
[욕설],-인성아작난사람-,굳히,닉값,안하셔도,되는데,사진,,,,,,,,,,,,,,,,,
[욕설],구로소방서,<<,칼바람나락,비매너유저,,,,,,,,,,,,,,,,,,,
[욕설],패드립러,박제,사진,,,,,,,,,,,,,,,,,,,,
[욕설],Doxxh<,ㅇㅁ터짐,인증샷,첨부!,시즌9,골4,40점,ㅂㄹㅈ,영구박제!,[1],사진,,,,,,,,,,,,
[욕설],AFTV,가붕,<,고아드립,무개념,아프리카BJ,94가붕,신고,사진,,,,,,,,,,,,,,
[욕설],간디에요<,급식충,마이충,박제요,사진,,,,,,,,,,,,,,,,,,
[욕설],장인자크,신났네,패작듀오요,,,,,,,,,,,,,,,,,,,,
[욕설],고딩보지보니까질싸해서박고싶어요(실제닉),"<매크로,성적인",닉네임,,,,,,,,,,,,,,,,,,,,
[욕설],서패리,<-,악질패드립퍼패작러,,,,,,,,,,,,,,,,,,,,
[욕설],Physicalll,<<,패작러,,,,,,,,,,,,,,,,,,,,
[욕설],송배불뚝이<ㅇㅁ토막살인,8토막,시즌9,실버4,31점,ㅇㅁ디진,버러지,영구박제.,사진,,,,,,,,,,,,,,
[욕설],욕절대안쓸거야<고아,잼민이,영구박제,사진,,,,,,,,,,,,,,,,,,,
[욕설],그녀를,찾습니다,<-,패드립,신고,사진,,,,,,,,,,,,,,,,,
[욕설],나는셩준<패드립,잼민이,[3],사진,,,,,,,,,,,,,,,,,,,
[욕설],검술을연마하오,<<,2500판,골드,수문장,박제!,사진,,,,,,,,,,,,,,,,
[욕설],선릉피바라기-->패드립퍼,,,,,,,,,,,,,,,,,,,,,,
[욕설],shinerose,<<<,일베충,[1],사진,,,,,,,,,,,,,,,,,,
[욕설],[게임방해],패작러,신고합니다,사진,,,,,,,,,,,,,,,,,,,
[욕설],일기장,on,,,,,,,,,,,,,,,,,,,,,
[욕설],나주겨바라＆슬픈남자홍민,<<,패작,듀오,박제합니다,,,,,,,,,,,,,,,,,,
[욕설],요즘,패드립은,신고해도,처벌,안,받나,봄?,사진,,,,,,,,,,,,,,,
[욕설],패작러,박제합니다,->,혀,닛,사진,,,,,,,,,,,,,,,,,
[욕설],구룸구룸,<<,아무,이유없이,패드립만함,사진,,,,,,,,,,,,,,,,,
[욕설],레전드임,<=,고의패작,트롤,,,,,,,,,,,,,,,,,,,
[욕설],지딱이,-,패드립,수준,ㅋㅋ,사진,,,,,,,,,,,,,,,,,
[욕설],SuRyo,<<,픽부터,포지션,거부하는,악질,유저,[3],사진,,,,,,,,,,,,,,
[욕설],오픈15,<<<<<,닉네임부터,악질.,블랙리스트,추가,ㄱ,,,,,,,,,,,,,,,,
[욕설],꼬우면,전화하라는데??,[5],사진,,,,,,,,,,,,,,,,,,,
[욕설],Rusia,<<,패드립,악질유저,박제.,[3],,,,,,,,,,,,,,,,,
[욕설],숟가락,둘리<애비,집에서,숟가락,빠는,고아,사진,,,,,,,,,,,,,,,,
[욕설],leeleelee<애미,없는,ㅅㄲ,박제,사진,,,,,,,,,,,,,,,,,,
[욕설],JIJO<애미,뒤지고,가버림,ㅅㄱ,[1],사진,,,,,,,,,,,,,,,,,
[욕설],능지,확인,[3],,,,,,,,,,,,,,,,,,,,
[욕설],초심찾자상우야<버러지잼민이컷.,사진,,,,,,,,,,,,,,,,,,,,,
[욕설],건희주기러온민규,친추걸어서,혼내주세요,,,,,,,,,,,,,,,,,,,,
[욕설],건희주기러온민규,,,,,,,,,,,,,,,,,,,,,,
[욕설],핑크듀유<어쨰,버러지,새끼들은,한,놈도,안뺴고,다,듕호냐,이,역겨운,버러지,짱깨겜,,,,,,,,,,,
[욕설],Fltls<버러지,새끼,사진,,,,,,,,,,,,,,,,,,,,
[욕설],[기타],우르프,초딩,4인큐,[1],,,,,,,,,,,,,,,,,,
[욕설],조누리사랑해<버러지는,전염됨,잼민이,영구박제,사진,,,,,,,,,,,,,,,,,,
[욕설],C1가스리파이너리<패드립,피딩,버러지,영구박제.,사진,,,,,,,,,,,,,,,,,,
[욕설],수시로,서는소중이,,,,,,,,,,,,,,,,,,,,,
[욕설],일겜에서,욕설비매너유저,,,,,,,,,,,,,,,,,,,,,
[욕설],비매너플레이어,보나뚜우,친추하시고,1ㄷ1하자그러세요,쉽습니다,,,,,,,,,,,,,,,,,,
[욕설],홍칠이,",",새끼,삵,<<,패작듀오,박제,사진,,,,,,,,,,,,,,,
[욕설],MXXXKX,<ㅂㄹㅈ잼민이,영구박제,사진,,,,,,,,,,,,,,,,,,,
[욕설],욕구곰<<,섹드립,패드립,박네요,,,,,,,,,,,,,,,,,,,
[욕설],칼바람,듀오,"자라먹이,오타멘디",욕설,선,시비충,조심,,,,,,,,,,,,,,,,
[욕설],SPIKER123,",춘천왕감자",대리유저,조심,사진,,,,,,,,,,,,,,,,,,
[욕설],뮤트올하는소환사,",",쉔,권위자,<<<,얘네,두명,패드리퍼요,,,,,,,,,,,,,,,
[욕설],안녕모데야,<일베틀딱,박제,컷.,사진,,,,,,,,,,,,,,,,,,
[욕설],빨강피부심슨<앰2,뒤짐,ㅅㄱ,사진,,,,,,,,,,,,,,,,,,,
[욕설],사기꾼의최후,<<,허언증,비매너유저,,,,,,,,,,,,,,,,,,,
[욕설],플레4,구간,현재,아이디,사서,쓰는,대리유저_서폿,말,들어라,,,,,,,,,,,,,,
[욕설],묵직한,김민교,<-,패작,패드립퍼,[2],사진,,,,,,,,,,,,,,,,
[욕설],파이크로다야간다<패작,피딩.,사진,,,,,,,,,,,,,,,,,,,,
[욕설],트위치,서폿,트롤,3111a,,,,,,,,,,,,,,,,,,,
[욕설],제드팀수이,박제,ㅋ,[3],,,,,,,,,,,,,,,,,,,
[욕설],ililillllililili,욕설,패드립,유저,,,,,,,,,,,,,,,,,,,
[욕설],전적망친사람,<<<<<,패드립,박제,사진,,,,,,,,,,,,,,,,,,
[욕설],heojipsa<고의,피딩,부욕혐,ㅅㄱ,사진,,,,,,,,,,,,,,,,,,
[욕설],[부모욕],패드립,"""최종병기","김규현""",사진,,,,,,,,,,,,,,,,,,
[욕설],BackAurora,<=,패드립,고의트롤,,,,,,,,,,,,,,,,,,,
[욕설],이아이디팀운개꿀,패드립,이후,1대1,박제,,,,,,,,,,,,,,,,,,
[욕설],Master,of,Irelia,<<,부캐,부실구간,이유없이,던지는,트롤,,,,,,,,,,,,,,
[욕설],남자향수<이하동문,버러지듀오,,,,,,,,,,,,,,,,,,,,,
[욕설],대장고라니<패드립,버러지,정치질,ㅉ,사진,,,,,,,,,,,,,,,,,,
[욕설],패드립+성희롱,하는,친구들,박제,[1],,,,,,,,,,,,,,,,,,
[욕설],"[고의트롤,꼴픽]","""R","nnm""",,,,,,,,,,,,,,,,,,,,
[욕설],우울증이라고,하니,잘,죽으라는,사람들..,여기에라도,올려서,풀어봅니다.,(여러명),[1],,,,,,,,,,,,,
[욕설],부산불주먹혀경원,조심하셈,,,,,,,,,,,,,,,,,,,,,
[욕설],살범이,,,,,,,,,,,,,,,,,,,,,,
[욕설],Quatro1<한술,더,뜨는,ㅂㄹㅈ잼민이.,사진,,,,,,,,,,,,,,,,,,
[욕설],무빙지리는소환사<던지고,팀탓.,버러지,인증,자료,확인,^^,사진,,,,,,,,,,,,,,,
[욕설],못하면롤하지마,박제,,,,,,,,,,,,,,,,,,,,,
[욕설],버스사장<0킬13뎃,패드립,영구박제,사진,,,,,,,,,,,,,,,,,,,
[욕설],상콤대운,-,"패드립,",욕설,,,,,,,,,,,,,,,,,,,
[욕설],볼더왕님,그러지마세요,,,,,,,,,,,,,,,,,,,,,
[욕설],이거,신고안되요,?,사진,,,,,,,,,,,,,,,,,,,
[욕설],칼든,"탑,","무료클릭,",김선생니임,정신승리,병x들,ㅋㅋㅋㅋㅋㅋㅋ,,,,,,,,,,,,,,,,
[욕설],[패드립,욕설],미드오면씨에스줌,사진,,,,,,,,,,,,,,,,,,,
[욕설],패드립,유저,"""채너랑""",박제,사진,,,,,,,,,,,,,,,,,,
[욕설],개념없는,패드립충이,죽지도,않고,또왔다~,,,,,,,,,,,,,,,,,,
[욕설],FallinAllinYou,심각한,패드립으로,박제합니다.,[1],,,,,,,,,,,,,,,,,,
[욕설],양보안하면던짐요,패드립+욕설,,,,,,,,,,,,,,,,,,,,,
[욕설],버스타고,입터는,벌레2놈,,,,,,,,,,,,,,,,,,,,
[욕설],[고의트롤,+,욕설],milf,milk,<-,얘,만나면,무조건,닷지,추천드려요,,,,,,,,,,,,
[욕설],트롤,두오,,,,,,,,,,,,,,,,,,,,,
[욕설],T1,삐지꼬우<,니,애미,손,붙잡고,다리나,벌려^^,사진,,,,,,,,,,,,,,
[욕설],SPIDER,MASTER,쓰레에에쉬,보면,꼭,댓글,달아,,,,,,,,,,,,,,,,
[욕설],욕설,트위치,방송인,신고합니다,사진,,,,,,,,,,,,,,,,,,
[욕설],M18Wrench<,벌레,새끼,쓰레기짓.,,,,,,,,,,,,,,,,,,,
[욕설],Lovesickness<,고아원,번호는,니,애미한테서,찾아^^,사진,,,,,,,,,,,,,,,,
[욕설],[박제],모냉년,<<<<<,트롤짓,N년,(지가,말함),[1],,,,,,,,,,,,,,,
[욕설],랜타디찐막/박현수,매드무비,-,패드립,및,티어부심,(일반),,,,,,,,,,,,,,,,
[욕설],우악끄앙,<,엄마,없음,사진,,,,,,,,,,,,,,,,,,
[욕설],용환짱,<,애미,매춘부,사진,,,,,,,,,,,,,,,,,,
[욕설],캬2팅,<,패작,,,,,,,,,,,,,,,,,,,,
[욕설],샌트위치,<,패작,사진,,,,,,,,,,,,,,,,,,,
[욕설],3응애나아기지훈1,<-,패드립,오지네여,ㄷㄷ,[1],사진,,,,,,,,,,,,,,,,
[욕설],불광동,핵빠따,<-,만나면,차단하고,하세요,,,,,,,,,,,,,,,,,
[욕설],중증,망상증,환자,[날아라슈뻐맨],,,,,,,,,,,,,,,,,,,
[욕설],욕설,,,,,,,,,,,,,,,,,,,,,,
[욕설],욕설유저,사진,,,,,,,,,,,,,,,,,,,,,
[욕설],부서진빠다코코낫,게임중,정치질,,,,,,,,,,,,,,,,,,,,
[욕설],솔랭,개악질,듀오,"몽달탱,",레이디별,,,,,,,,,,,,,,,,,,
[욕설],II,"StyIish,",인천대표진주전북,급식충,신고,,,,,,,,,,,,,,,,,,
[욕설],윗집,아줌마랑,해봤다.,[1],,,,,,,,,,,,,,,,,,,
[욕설],'김민부계정',급식충,신고,,,,,,,,,,,,,,,,,,,,
[욕설],미친탑갱맨<앰뒤1.5호,,,,,,,,,,,,,,,,,,,,,,
[욕설],noonbit<앰뒤2호,사진,,,,,,,,,,,,,,,,,,,,,
[욕설],주님행급행열차<애미뒤진듯?,[3],사진,,,,,,,,,,,,,,,,,,,,
[욕설],패드립,남탓,유저,>>>잭별<<<<,,,,,,,,,,,,,,,,,,,
[욕설],패드립유저,"""싸움에강한남자""",사진,,,,,,,,,,,,,,,,,,,,
[욕설],패드립퍼,→닉네임:같은마음,사진,,,,,,,,,,,,,,,,,,,,
[욕설],백정들아말좀듣자,<<,정신분열증,폐드립퍼,허언증,사진,,,,,,,,,,,,,,,,,
[욕설],심한욕설,트롤,욕설,박제,여기서,신고하세요,,,,,,,,,,,,,,,,,
[욕설],귓속말로,패드립,한거,신고도,되나요,사진,,,,,,,,,,,,,,,,,
[욕설],악질,정치,3인큐,박제,,,,,,,,,,,,,,,,,,,
[욕설],패드립퍼,고의트롤러,아이디,":74왕,",너만의,섹파,사진,,,,,,,,,,,,,,,,
[욕설],칼바람,욕설,유저,"""응","그러는거아냐""",사진,,,,,,,,,,,,,,,,,
[욕설],악질,정치질,및,투탑달리기,유저,douyuTV,4848748,,,,,,,,,,,,,,,,
[욕설],악질정치질유저(전,라인,"트페만함,부산대김동영2)",,,,,,,,,,,,,,,,,,,,
[욕설],여기가,애새끼,게시판인가,,,,,,,,,,,,,,,,,,,,
[욕설],Ksxne,",",오늘,하러,갈까,<<,조심하세요,고의,트롤러인지,심각하네요,,,,,,,,,,,,,
[욕설],"""꽃보다다솜이""",사진,,,,,,,,,,,,,,,,,,,,,
[욕설],이것도,서폿캐임,<<,"자존심,",욕설,,,,,,,,,,,,,,,,,,
[욕설],섹시써니,<<--,대리받는,혜지,신고,사진,,,,,,,,,,,,,,,,,
[욕설],게임내내,폐드립,중,일부..,[2],사진,,,,,,,,,,,,,,,,,
[욕설],양평군임성빈,<<,벤픽,창부터,팀원,픽,벤하는,개트롤러,,,,,,,,,,,,,,,
[욕설],닉,아무고토모루면소,욕설,사진,,,,,,,,,,,,,,,,,,,
[욕설],고소,고소,거리는,트페,[1],사진,,,,,,,,,,,,,,,,,
[욕설],던지는게,일상인,잼민이,,,,,,,,,,,,,,,,,,,,
[욕설],겁나게,쌘척하는,잼민이,신고요,,,,,,,,,,,,,,,,,,,
[욕설],칼바람,패드립이,주특기,"""건","임""",사진,,,,,,,,,,,,,,,,,
[욕설],마하반야마라밀다심경관자재보살님,보세요^^,,,,,,,,,,,,,,,,,,,,,
[욕설],잔나,장인,유튭,중에,정화,유체화,들고,하는,사람,있음?,사진,,,,,,,,,,,,
[욕설],정글학과,이교수,<<,바위게,먹는다고,패드립하네요,,,,,,,,,,,,,,,,,
[욕설],누님핑보라구요,",",응암동장지환남친<<-,여성성기관련,성희롱,,,,,,,,,,,,,,,,,,
[욕설],이기고,있을,때,조롱하더니,역전,당하자,패드립하는,유저,A380F,박제,사진,,,,,,,,,,,,
[욕설],skics,보면,거르세요,,,,,,,,,,,,,,,,,,,,
[욕설],욕설,유저,망망싱샤,사진,,,,,,,,,,,,,,,,,,,
[욕설],다2,일벌버스,열심히,받는,혜지련,'콩블리',조심,[2],,,,,,,,,,,,,,,
[욕설],"호식OI,",변비왕자,패드립듀오,겜,잘,하고있어도,핑찍으며,패드립,합니다,,,,,,,,,,,,,,
[욕설],이리와라잉,저리가라잉,듀오,픽창에서부터,미드,야스오,한다고,안준다니까,바로,욕설,인게임에서도,정치함,조심하세요,,,,,,,,,,
[욕설],대리,[1],,,,,,,,,,,,,,,,,,,,,
[욕설],이런놈들,제발,죽어주길바람,사진,,,,,,,,,,,,,,,,,,,
[욕설],패드립,신고,합니다,,,,,,,,,,,,,,,,,,,,
[욕설],입이,걸레인,듀오,새끼,박제,,,,,,,,,,,,,,,,,,
[욕설],한양대다니는,아무도다닐수없는,똑똑이,트롤러,그브,박제(오너보단커즈),[3],,,,,,,,,,,,,,,,
[욕설],Multifidus,강타유미면,할말,다했지?,,,,,,,,,,,,,,,,,,,
[욕설],포항,사는,22살,키,175,패드립,유저,음므야꾸예이,박제,사진,,,,,,,,,,,,,
[욕설],코로나,드립유저,,,,,,,,,,,,,,,,,,,,,
[욕설],칼바람에서,"욕설,","패드립,",던지는유저,"""파마안했음""",박제,사진,,,,,,,,,,,,,,,,
[욕설],말파이트오른쉔,게임방해요,,,,,,,,,,,,,,,,,,,,,
[욕설],칼바람,패드립,유저,신고,[1],,,,,,,,,,,,,,,,,,
[욕설],일베에,고의트롤,위안부,욕하는유저,,,,,,,,,,,,,,,,,,,
[욕설],아니,진짜,10년,롤하면서,이런,사람은,처음봄,ㅋㅋㅋ,[2],,,,,,,,,,,,,,
[욕설],로리,←,아이디,해킹(츄르,먹는,고양이),비디오,,,,,,,,,,,,,,,,
[욕설],[게임방해](드리프트의,장인),브실구간,,,,,,,,,,,,,,,,,,,,
[욕설],"정치,욕설,패드립,일베등",혐오발언하는,[꾸엥뿌엥쭈엑],,,,,,,,,,,,,,,,,,,,
[욕설],프로미스9,이나경,<<,인생패배자,,,,,,,,,,,,,,,,,,,
[욕설],일부러,항복함-하줄게로/송도동,쵸비/acilck/ItemVeiga,[3],사진,,,,,,,,,,,,,,,,,,
[욕설],고의트롤,유종애뮈를거두자,<---,야스오로,"칼날부리,","늑대,","블루,",두꺼비까지,빼먹음,,,,,,,,,,,,,,
[욕설],주엇까,<---,무지성,패드립,및,욕설,비하,닷지,필수,,,,,,,,,,,,,,
[욕설],"부울권,",부울철,고의,트롤,듀오,사진,,,,,,,,,,,,,,,,,
[욕설],닉네임,골드싸개,,,,,,,,,,,,,,,,,,,,,
[욕설],패작하고,탈주하는데,정지,안받는,아이디?,[1],사진,,,,,,,,,,,,,,,,
[욕설],두,얼굴의,유저,,,,,,,,,,,,,,,,,,,,
[욕설],"safezone,0914,신협냉난방중,씨보장<--4인큐","패드립,정치",,,,,,,,,,,,,,,,,,,,,
[욕설],여려분,트롤러들,조심하세요,,,,,,,,,,,,,,,,,,,,
[욕설],롤의왕이라불리는,<<<,ㄲ페미,계속,남자비하발언,[3],,,,,,,,,,,,,,,,,
[욕설],akira,<ㅡ,무개념,패드립,유저,사진,,,,,,,,,,,,,,,,,
[욕설],Real,Madrid,SON,<--인생,나락간,패드리퍼,,,,,,,,,,,,,,,,,
[욕설],니가뭘알겠냐고,<-,말많은,트롤러,,,,,,,,,,,,,,,,,,,
[욕설],[패드립],닉네임,:,흑난초,사진,,,,,,,,,,,,,,,,,,
[욕설],저거는,못참지,,,,,,,,,,,,,,,,,,,,,
[욕설],냉기미,<-,던지고,남탓유저,,,,,,,,,,,,,,,,,,,
[욕설],나의레전드,패드립,,,,,,,,,,,,,,,,,,,,,
[욕설],Time,to,quit<,악질,유저,박제합니다,[3],사진,,,,,,,,,,,,,,,
[욕설],위안부,모욕,패드립퍼,박제합니다,고소가능한지,봐주세요,[3],,,,,,,,,,,,,,,,
[욕설],위안부드립치는,미친놈있네,-케인케리누누던짐,박제,사진,,,,,,,,,,,,,,,,,,
[욕설],패드립으로,위안부,단어,사용하는롤,유저,,,,,,,,,,,,,,,,,,
[욕설],롤,Lay,waste,패드립,유저,,,,,,,,,,,,,,,,,,
[욕설],보리보리딸,,,,,,,,,,,,,,,,,,,,,,
[욕설],qewewe2342,고소,예정,위안부,발언,및,패드립퍼,[3],,,,,,,,,,,,,,,
[욕설],광주나이키s,유미던진거때문에,같이,던짐,,,,,,,,,,,,,,,,,,,
[욕설],응꼬체스,미드,유미,잡고,정화,유체화,던짐,,,,,,,,,,,,,,,,
[욕설],Lv,99,망나니,<<,정글들고,이유없이,미드,쳐와서,cs,뺏고,겜,망침,,,,,,,,,,,
[욕설],이즈라얼,,,,,,,,,,,,,,,,,,,,,,
[욕설],솜,뭉,<<,서폿,사미라,박고,패드립만,합니다,[3],,,,,,,,,,,,,,
[욕설],오니,아리,"(패드립,",욕),,,,,,,,,,,,,,,,,,,
[욕설],바잉퍼,<,라는계정이,화성가야한다,<,로,욕설,[3],,,,,,,,,,,,,,,
[욕설],주제를알아라숟갈,<<<,,,,,,,,,,,,,,,,,,,,,
[욕설],후카보시,패작러,,,,,,,,,,,,,,,,,,,,,
[욕설],moviekoon,<----,패드립,[5],사진,,,,,,,,,,,,,,,,,,
[욕설],부캐촌,"""",망나니VS도구,"""",무지성,미드라이너,,,,,,,,,,,,,,,,,
[욕설],징키스카,//,도레곤,<<전라도비난및,트롤짓,사진,,,,,,,,,,,,,,,,,
[욕설],주연히,<--,만나면,개트롤,인지,하셈,,,,,,,,,,,,,,,,,
[욕설],Cribo,Snake,<--,심각한,고의트롤,,,,,,,,,,,,,,,,,,
[욕설],아,십새,신고할랬는데,,,,,,,,,,,,,,,,,,,,
[욕설],고의,게임,"방해,","비꼬기,",참여x,,,,,,,,,,,,,,,,,,
[욕설],"Aycaps,","미드피즈캐리각,",인천,박희서,<<,유인원,3인큐,박제,[1],사진,,,,,,,,,,,,,
[욕설],자신있게들어가,더이상은야메로,[3],,,,,,,,,,,,,,,,,,,,
[욕설],여유처부리다,패배,ㅋ,사진,,,,,,,,,,,,,,,,,,,
[욕설],"N번방,패드립",하는,악질,(mxnxmxnxmxnx),사진,,,,,,,,,,,,,,,,,,
[욕설],빽찌오빠<<<,정글탓만하는,패드립,잼민이입니다.,,,,,,,,,,,,,,,,,,,
[욕설],t,없이,맑은,모,박제합니다,,,,,,,,,,,,,,,,,,
[욕설],악질유저,신고,,,,,,,,,,,,,,,,,,,,,
[욕설],실버구간,'애기룡',신고합니다.,사진,,,,,,,,,,,,,,,,,,,
[욕설],이,유저,조심하세요,,,,,,,,,,,,,,,,,,,,
[욕설],Floribus,이,분,갱,안왔다고,뭐라고,했던이,성드립에,패드립,까지,꽂음,[1],,,,,,,,,,,
[욕설],무작위,후,귓말로,패드립,욕설,사진,,,,,,,,,,,,,,,,,
[욕설],어이가,없는,욕설,시비유저,[8],,,,,,,,,,,,,,,,,,
[욕설],문의하면,신고시에,필요한,개인정보,주나요?,[1],,,,,,,,,,,,,,,,,
[욕설],갑자기,부모님,욕설,사진,,,,,,,,,,,,,,,,,,,
[욕설],유미,세나,합니다,<-고의트롤,,,,,,,,,,,,,,,,,,,
[욕설],크로플존<,지맘대로,겜안풀리니까,남탓오지게하면서,던짐,,,,,,,,,,,,,,,,,,
[욕설],새끽지민<,시비충,박제,,,,,,,,,,,,,,,,,,,,
[욕설],실버3,응으응응오키<,고의트롤러,박제해유~,,,,,,,,,,,,,,,,,,,
[욕설],우울증,3기,<ㅡ개벌레,패드립퍼,사진,,,,,,,,,,,,,,,,,,
[욕설],불멸의,김순신,골드구간,패드립,유저,,,,,,,,,,,,,,,,,,
[욕설],띡띡띡띡띡띡띡띡<,62렙,실버4,서식중,고의트롤,박제합니다,,,,,,,,,,,,,,,,,
[욕설],<긴글주의>라이엇의,채팅,제재,방식이,억울하고,여러분의,도움이,필요합니다.,,,,,,,,,,,,,,,
[욕설],서폿인데,미드와서,행패부리네요,,,,,,,,,,,,,,,,,,,,
[욕설],Special,Someone,악질유저검거,,,,,,,,,,,,,,,,,,,,
[욕설],"""를","토""",-,고의,트롤러,(박제),,,,,,,,,,,,,,,,,
[욕설],또,하면,개,<,못하는대,멍청하고,악질임,,,,,,,,,,,,,,,,
[욕설],★현상금,30☆,직스신,/,힐주랑,<-,"패드립,",트롤,듀오,///,듀오,찾습니다,현상금,30,,,,,,,,,
[욕설],논다니,<,유미고의트롤,,,,,,,,,,,,,,,,,,,,
[욕설],조용히,겜하고있는데,갑자기,패드립,,,,,,,,,,,,,,,,,,,
[욕설],패드립,아무렇지도,않게...,[2],,,,,,,,,,,,,,,,,,,
[욕설],유튜버만났는데,인성이,참더럽네요,>숭숭군,사진,,,,,,,,,,,,,,,,,,
[욕설],플레구간,욕설,및,패드리퍼,,,,,,,,,,,,,,,,,,,
[욕설],끼리끼리,논다,참,[1],사진,,,,,,,,,,,,,,,,,,
[욕설],대X중학교,클레드,학생,~,학교,먹칠,하지,말고,발,닦고,잠이나,잡시다,~,[1],,,,,,,,,
[욕설],푸,잉,장,탱,이,<<,패드립+던지는,척+이기려니깐,템바꾸기+욕설,사진,,,,,,,,,,,,,
[욕설],여기,올리면,뭐함?,ㅋㅋㅋㅋㅋ,[1],,,,,,,,,,,,,,,,,,
[욕설],oo미녀oo,",",치마입은지은이,<--,패드립,듀오,,,,,,,,,,,,,,,,,
[욕설],ㅋㅋㅋ자칭,대리충,인증요,사진,,,,,,,,,,,,,,,,,,,
[욕설],서포터가,도구입니까?,(개빡치네,),사진,,,,,,,,,,,,,,,,,,
[욕설],Supercoil,<,고의,트롤러,사진,,,,,,,,,,,,,,,,,,
[욕설],나른한,곰탱,혹시,던파랑,마비도하니?,,,,,,,,,,,,,,,,,,
[욕설],롤갤에서,성희롱,당한,거,고소할,예정입니다.,사진,,,,,,,,,,,,,,,,
[욕설],국악인,<--,이,아이디를,사용하는,유저에게,본인의,고소가,진행될거라는,사실을,알려주세요.,[2],사진,,,,,,,,,,
[욕설],BLongzhu,Troll,신상,삽니다,[3],,,,,,,,,,,,,,,,,,
[욕설],고소,하려고하는데,[3],,,,,,,,,,,,,,,,,,,,
[욕설],자칭,자이라,랭킹1위,Pigro,<--박제,,,,,,,,,,,,,,,,,,
[욕설],ANTIDOTE,CEO야,니가,글안써서,내가먼저,박제할게~,사진,,,,,,,,,,,,,,,,
[욕설],[트리미앙],일단,박제~,[3],사진,,,,,,,,,,,,,,,,,,
[욕설],askdjqewm,-고의,트롤러,(박제,ㅋㅋ),,,,,,,,,,,,,,,,,,
[욕설],ddukchigi,패작러,1인,등록~!,,,,,,,,,,,,,,,,,,,
[욕설],칼바람,욕쟁이+고의트롤,듀오,,,,,,,,,,,,,,,,,,,,
[욕설],현장직,부계정,<,욕설,패드리퍼,골드트롤러,,,,,,,,,,,,,,,,,
[욕설],장우석,존잘,<,패작,및,"욕설,",패드립,사진,,,,,,,,,,,,,,,
[욕설],벌레팀운,-,Pot,Limit,Omaha,",",MARCPOONG,",",Wind,of,Lance,,,,,,,,,,,,
[욕설],지역비하(초코치즈포도),사진,,,,,,,,,,,,,,,,,,,,,
[욕설],펀치레이디,<,욕설,후,11,미드빵,,,,,,,,,,,,,,,,,
[욕설],아이디,현피장인,ㅇㅁ,드립,엄청,치네요,,,,,,,,,,,,,,,,,
[욕설],패드립,신고,사진첨부,야릇한궁디,박제,사진,,,,,,,,,,,,,,,,,
[욕설],과호흡딜링,순대,<<<,패드립,,,,,,,,,,,,,,,,,,,
[욕설],느그맴,<,만나면,꽁승,,,,,,,,,,,,,,,,,,,
[욕설],다시보니반갑군요<<,유미,고의트롤,사진,,,,,,,,,,,,,,,,,,,
[욕설],패드립,신고,,,,,,,,,,,,,,,,,,,,,
[욕설],HLE,"DeftChovy,브라질게이",둘,혐오발언,성적,발언,페미니스트,사진,,,,,,,,,,,,,,,
[욕설],참치맛다시,<-,허언증,환자,이,사람,만나면,차단부터,박으세요,,,,,,,,,,,,,,
[욕설],아름답다...,[2],사진,,,,,,,,,,,,,,,,,,,,
[욕설],현피,뜨자던,듀오,트롤러친구들,혹시,보면,댓글,남겨줘,,,,,,,,,,,,,,,
[욕설],진아짜직모른다,<ㅡ,"장애인,벌레",제보,[1],사진,,,,,,,,,,,,,,,,,
[욕설],radtfgwdg,<<,패드립하고,친삭,사진,,,,,,,,,,,,,,,,,,
[욕설],지영001,<<버스타면서,패드립질,하고,현피까자고,하길래,뜨자니까,쫄음,,,,,,,,,,,,,,,
[욕설],bbq,kfc,<<,패작러,,,,,,,,,,,,,,,,,,,
[욕설],>,파이팅,협곡,<,욕설,승률,46퍼,골딱이,,,,,,,,,,,,,,,
[욕설],정신병자,퀸,친구,어케하냐,ㅠㅠㅠ,사진,,,,,,,,,,,,,,,,,
[욕설],ozxzxo,<<ㄹㅇ악질브론즈유저,그냥,닷지,추천드림,[3],사진,,,,,,,,,,,,,,,,
[욕설],무개념,4인,파티,[1],사진,,,,,,,,,,,,,,,,,,
[욕설],갑자기,패드립박는,친구,전화번호,[1],,,,,,,,,,,,,,,,,,
[욕설],오우야쓰쓰쓰,<<<,"직스,유미",서폿,트롤러,[2],,,,,,,,,,,,,,,,,
[욕설],느그매미,벌레,제보,[1],,,,,,,,,,,,,,,,,,,
[욕설],BJ,타락루시퍼<<따여놓고,정글,심해라는,레전드BJㅋㅋㅋ,,,,,,,,,,,,,,,,,,
[욕설],실버2,"이조토박터,",저저원,사진,,,,,,,,,,,,,,,,,,,
[욕설],"대리D2캡틴뒷머리까G4,깅굥내P2",패드립신고,,,,,,,,,,,,,,,,,,,,,
[욕설],찌디,<-,1ㄷ1,박제,사진,,,,,,,,,,,,,,,,,,
[욕설],장동혁,-,유미가,유미했네요,사진,,,,,,,,,,,,,,,,,,
[욕설],패드리퍼,우선박제,사진,,,,,,,,,,,,,,,,,,,,
[욕설],칼바람중,욕설,패드립,도발,난무,,,,,,,,,,,,,,,,,,
[욕설],저같이,실버인분들,조심하세요,,,,,,,,,,,,,,,,,,,,
[욕설],롤을,하면,안되는,이유(트런들,쓰읍,말이,심하네?),,,,,,,,,,,,,,,,
[욕설],[양파맛우유],일베사상,혜지드립,사진,,,,,,,,,,,,,,,,,,,
[욕설],"패드립,욕설",사진,,,,,,,,,,,,,,,,,,,,,
[욕설],[stevehoon1]자칭,금수저,패드리퍼,,,,,,,,,,,,,,,,,,,,
[욕설],[물수제비장인],패드립,부모살인,닷지하세요,변리사라고함,[1],사진,,,,,,,,,,,,,,,,
[욕설],지역비하(벨코즈,빠돌이),사진,,,,,,,,,,,,,,,,,,,,
[욕설],일반게임에서,무개념으로,욕설,,,,,,,,,,,,,,,,,,,,
[욕설],"커다란기둥,커다란",덮개,개벌레듀오,만나면,필패,사진,,,,,,,,,,,,,,,,,
[욕설],엑스헌터,<ㅡ,필패병기사람아님.,전적검색,ㄱ,사진,,,,,,,,,,,,,,,,,
[욕설],너의미소그리워<누군지아시는분,댓글좀ㅇㅇ,,,,,,,,,,,,,,,,,,,,,
[욕설],패드립,비매너,유저,번호있음,,,,,,,,,,,,,,,,,,,
[욕설],칼바람,욕설,성희롱,3인큐,엘리트양주/뚜쉬뚜쉬또쉬또쉬/정나임,박제,사진,,,,,,,,,,,,,,,,
[욕설],고의,트롤러,조심하세요!,강타두개든,바텀듀오,사진,,,,,,,,,,,,,,,,,
[욕설],작투,:,"""여자는",대주고,다리나,벌리고,버스나,"타지""",사진,,,,,,,,,,,,,,
[욕설],남탓,패드립충,박제,[1],사진,,,,,,,,,,,,,,,,,,
[욕설],"욕설,","패드립,",고의트롤,유저,사진,,,,,,,,,,,,,,,,,,
[욕설],혐오,발언,및,패드립,유저,사진,,,,,,,,,,,,,,,,,
[욕설],"험블대장,",태희오빠,듀오,패작,,,,,,,,,,,,,,,,,,,
[욕설],정말,성적인,부모욕하는,사람이랑,같이,게임하기,싫습니다.,,,,,,,,,,,,,,,,
[욕설],페미들,,,,,,,,,,,,,,,,,,,,,,
[욕설],정치질,4인,박제,사진,,,,,,,,,,,,,,,,,,,
[욕설],개벌레,제보,,,,,,,,,,,,,,,,,,,,,
[욕설],적발,<<,고의트롤의심유저,사진,,,,,,,,,,,,,,,,,,,
[욕설],악질,패드립,유저,"""페이탈블로우""",[1],사진,,,,,,,,,,,,,,,,,
[욕설],아까,오전,일반,실버미포의,결말,사진,,,,,,,,,,,,,,,,,
[욕설],역대급,트롤러,박제,닉네임,boowo,비디오,,,,,,,,,,,,,,,,,
[욕설],부처님도화낼실력,<<,돌넥,"패드립,욕설유저",,,,,,,,,,,,,,,,,,,
[욕설],다이아,원챔충이,일반와서,실4딱상대로,라인전지고,남탓웅앵웅ㅋㅋㅋ,[1],사진,,,,,,,,,,,,,,,
[욕설],"겨털덮밥,",스즈키,"사토루,",Gastly,<,봇전에서,일진놀이,하는,급식들,,,,,,,,,,,,,,
[욕설],ㅋㅋㅋㅋㅋㅋ,브론즈,이즈의,패드립,사진,,,,,,,,,,,,,,,,,,
[욕설],랭겜,워익,닉네임:킹,룡칸,패드립,사진,,,,,,,,,,,,,,,,,
[욕설],개꿀맛,티모,<<,매칭,트롤범,사진,,,,,,,,,,,,,,,,,
[욕설],마법철퇴,<-,패드립,+,대리,의심,[1],사진,,,,,,,,,,,,,,,
[욕설],어둠속에서,널,<ㅡ,쓰레기잠수충,,,,,,,,,,,,,,,,,,,
[욕설],Sloan,Great,Wall,<--,고의트롤,사진,,,,,,,,,,,,,,,,,
[욕설],Hide,on,jnajeg,<--패드립,사진,,,,,,,,,,,,,,,,,,
[욕설],패드립유저,박제합니다..2,사진,,,,,,,,,,,,,,,,,,,,
[욕설],패드립,유저2명,걸르세요,사진,,,,,,,,,,,,,,,,,,,
[욕설],패드립유저,박제합니다,사진,,,,,,,,,,,,,,,,,,,,
[욕설],플래구간,아가리,묵념트롤러,2명,,,,,,,,,,,,,,,,,,,
[욕설],닉네임,>>,BJ앵듀,페미니스트,,,,,,,,,,,,,,,,,,,
[욕설],에,똴,<,가정교육,못배운,티,내며,폭언,남발,사진,,,,,,,,,,,,,
[욕설],KindredBow,대리,의심,[1],사진,,,,,,,,,,,,,,,,,,
[욕설],노답,4인,파티,신고합니다.,사진,,,,,,,,,,,,,,,,,,
[욕설],벌레,브론즈,하나,피하시라고,알립니다.,,,,,,,,,,,,,,,,,,
[욕설],힐러데스네=펑펑울었어=ㅇㅁㅇㅇ,사진,,,,,,,,,,,,,,,,,,,,,
[욕설],아씨왜들어갔지<어미없는아이+피코정신병,[5],사진,,,,,,,,,,,,,,,,,,,,
[욕설],펑펑울었어<느그애미,개버러지년,ㅇㅈ?,사진,,,,,,,,,,,,,,,,,,,
[욕설],인간의위대인<얘까지버러지세트,사진,,,,,,,,,,,,,,,,,,,,,
[욕설],빼미규<버러지듀오,사진,,,,,,,,,,,,,,,,,,,,,
[욕설],무띠야<버러지듀오,사진,,,,,,,,,,,,,,,,,,,,,
[욕설],패드립치신단다.,심지어,메.갈이네,사진,,,,,,,,,,,,,,,,,,,
[욕설],편견없는사람<애미뒤졋냐,씨발련아?,애미가,뒤져서,그러라디?,애비도,뒤져있길바란다.,사진,,,,,,,,,,,,,,,
[욕설],다빈이닷,＜---패드리퍼,,,,,,,,,,,,,,,,,,,,,
[욕설],Cookie,wow<엄마없는애,사진,,,,,,,,,,,,,,,,,,,,
[욕설],이곳이어디죠<어디긴롤벤박제짒아,사진,,,,,,,,,,,,,,,,,,,,,
[욕설],JPL,정의의편러브<애미뒤진듀오,검거,사진,,,,,,,,,,,,,,,,,,,
[욕설],삠뿡삥,<,전형적인,무지성,혜지서폿,[3],사진,,,,,,,,,,,,,,,,
[욕설],01038287870,,,,,,,,,,,,,,,,,,,,,,
[욕설],남혐,유저,신고함니다,,,,,,,,,,,,,,,,,,,,
[욕설],이거,누가,트롤,어뷰징인거임??,사진,,,,,,,,,,,,,,,,,,
[욕설],'리오레접대',님을,찾습니다,,,,,,,,,,,,,,,,,,,,
[욕설],김팡석,<<,플레구간,탑신병자,+,채팅으로,게임을,망침.,,,,,,,,,,,,,,,
[욕설],만두좀<-픽창부터,여성혐오발언,날리는,정신병자,조심,,,,,,,,,,,,,,,,,,
[욕설],지져먹기,고소하기,전에,들어와서,사과,인증하세요!,사진,,,,,,,,,,,,,,,,
[욕설],강은휘,<--,승률,48%,짜리가,욕,하면서,가르치려,함,,,,,,,,,,,,,,
[욕설],우리바텀정글노엄,<<<,,,,,,,,,,,,,,,,,,,,,
[욕설],오우,스오게이,잘가라..,[1],사진,,,,,,,,,,,,,,,,,,
[욕설],너의몸속으로,<<,대리및,패드립,고소접수,,,,,,,,,,,,,,,,,,
[욕설],jigun,master,-,채팅이나,똑바로,보고,ㅈㄹ해라,사진,,,,,,,,,,,,,,,
[욕설],Aze,star,<<<,서폿한테,도구,라고,칭하고,무시하네요,ㅎㅎ,,,,,,,,,,,,,,
[욕설],또2또2,-,정치질,씹극혐이네,사진,,,,,,,,,,,,,,,,,,
[욕설],프림맛제티짱<---,부모욕하는,인성,개,쓰레기,새끼,공유합니다.,사진,,,,,,,,,,,,,,,
[욕설],Laffey,724,JustLikeTear,<<겜하는내내,쉴새없이전챗으로패드립해댐,,,,,,,,,,,,,,,,,,
[욕설],맛스타주세요,<---,주댕이만,터는,장애인,사진,,,,,,,,,,,,,,,,,
[욕설],마이쮸s,/,명자와박헌수,패드립,욕설,듀오,사이버,신고,완료,,,,,,,,,,,,,,
[욕설],엄청잘하는유저,<<,악질,트롤러,,,,,,,,,,,,,,,,,,,
[욕설],풀캠하고노갱귀환,<--,채팅진상,,,,,,,,,,,,,,,,,,,,
[욕설],DK,jhost,<<,님,원한데로,고소장,접수,줄게요.,[1],,,,,,,,,,,,,,
[욕설],2000,08,28,패드립,도배,고의로,적에게,죽어주는,사람,만나면닷지,,,,,,,,,,,,,
[욕설],힌둥교,<--,"악질,","패드립,",성드립,유저,,,,,,,,,,,,,,,,,
[욕설],정글차이달달하고,<-,여성유저,성희롱,,,,,,,,,,,,,,,,,,,
[욕설],욕설,한양대,유저,흐엥후엥우,박제,[1],,,,,,,,,,,,,,,,,
[욕설],성추행,4인큐,ㄹㅇㅋㅋ,[1],,,,,,,,,,,,,,,,,,,
[욕설],고의,트롤러,신고합니다,-,"개찰밥,",흑꼭이,,,,,,,,,,,,,,,,,
[욕설],오오미싫은것,패드리퍼,박제~,칼바람에서,이악물고하는중!!!,사진,,,,,,,,,,,,,,,,,
[욕설],캐삭해주세요,아이언,"""아놔트롤인데""님!!!",사진,,,,,,,,,,,,,,,,,,,
[욕설],진,갓,,,,,,,,,,,,,,,,,,,,,
[욕설],휴일,전날에만,잠깐,나오는,중고잡벌레,트리오,ㅠ,사진,,,,,,,,,,,,,,,
[욕설],랭겜,듀오,찾는,사이트,https://duo.lol/,에서,,,,,,,,,,,,,,,,,
[욕설],hide,on,condom,<,예비성범죄자.,패드립,,,,,,,,,,,,,,,,,
[욕설],플레1,다이아,4큐,위험,인물,전적,안좋으면,닷지,안하고,바로,욕부터함,사진,,,,,,,,,,,
[욕설],욕설,창원대장,뜸이다,박제,,,,,,,,,,,,,,,,,,,
[욕설],"7grand,","송사탄,","천재상,",초가스1티어,4인큐,"선동충,",욕설,신고합니다.,,,,,,,,,,,,,,,
[욕설],가정교육,못받은,벌레,트리오입니다.,,,,,,,,,,,,,,,,,,,
[욕설],6과9라는,닉넴,잘봐두세요,,,,,,,,,,,,,,,,,,,,
[욕설],진지하게,조언부탁드립니다,제발도와주세요,,,,,,,,,,,,,,,,,,,,
[욕설],jinnnnny,<-,"여자,",유틸서폿만,보면,지체장애인이라,욕하는,사람,박제,,,,,,,,,,,,,,
[욕설],초코빠잉,-,혼자,다른,게임하시나,봅니다?,사진,,,,,,,,,,,,,,,,
[욕설],Burge,King<-악질,패드리퍼,,,,,,,,,,,,,,,,,,,,
[욕설],아이언4,찐,패작들ㅎㅎ,사진,,,,,,,,,,,,,,,,,,,
[욕설],아이디:Adios,NightMare,<<<,1대1,쳐발리고,빤스런친,놈,,,,,,,,,,,,,,,,
[욕설],노시눙,<-,비매너행위,및,욕설,,,,,,,,,,,,,,,,,,
[욕설],아정글차이5지네<<보면닷지하셈,사진,,,,,,,,,,,,,,,,,,,,,
[욕설],4,소대장,<--,악질,패드립,유저,,,,,,,,,,,,,,,,,
[욕설],KeepBackStraight,기억들,하고,가세요,욕설,트롤러,사진,,,,,,,,,,,,,,,,
[욕설],지나가는시민01,<<,패드립및,비매너행위및,허언조장,[3],사진,,,,,,,,,,,,,,,,
[욕설],보와지섹과스,<<,패드립및,비매너행위,[2],,,,,,,,,,,,,,,,,,
[욕설],페미유저,oneway,yun,패드립하는분임,조심하세용,[1],,,,,,,,,,,,,,,,,
[욕설],설원곰,<---패드립,비매너유저,사진,,,,,,,,,,,,,,,,,,,
[욕설],박제,[2],사진,,,,,,,,,,,,,,,,,,,,
[욕설],열차는칙칙폭폭,<<<<,벌레,,,,,,,,,,,,,,,,,,,,
[욕설],에이전트,애쉬,<<<<,걍,벌레,,,,,,,,,,,,,,,,,,
[욕설],"박고봄,","응애나아기트위치,","투호,",양학하는,파일럿,사진,,,,,,,,,,,,,,,,,
[욕설],ㅅㅍㅊㅇ,이러는데,누가,잘못한거냐?,[1],비디오,,,,,,,,,,,,,,,,,
[욕설],솔랭,중,만난,패드립(+성드립),야스오,내일,참교육,간다,[1],,,,,,,,,,,,,,
[욕설],Einstein의야스오/whddndla<<,ㄱㅂㄹ,비매너및,욕설패드립,,,,,,,,,,,,,,,,,,,
[욕설],89년생,김선생,Goorgi,Vayne,부모욕,엄청나게,하는,쓰레기들,,,,,,,,,,,,,,,
[욕설],시전이,<<,칼바람,시비충,욕설및,비매너,,,,,,,,,,,,,,,,,
[욕설],욕설,패드립,박제,이름,김건우당,,,,,,,,,,,,,,,,,,
[욕설],온전한사람,<<,애미뒤진,탈주새끼박제,사진,,,,,,,,,,,,,,,,,,
[욕설],애,흔,간,단,,,,,,,,,,,,,,,,,,,
[욕설],연경제미포장인,←,말로만,듣던,트롤러였습니다,,,,,,,,,,,,,,,,,,
[욕설],롤,팡,<ㅡ,칼바람,쓰레기,패드립러,,,,,,,,,,,,,,,,,
[욕설],"아프리카,트위치",bj,스트리머,신아,박제합니다.,사진,,,,,,,,,,,,,,,,,
[욕설],썸앤썸(밥밥,부캐),다1,아이디로,목치기하고,실골에서,5데스,탈주하는,버러지,,,,,,,,,,,,,,
[욕설],운영승부,<---,자리비움,벌레,추가요,,,,,,,,,,,,,,,,,,
[욕설],[폐드립],아이디,:,혜지찡z,(매우,악질),[1],사진,,,,,,,,,,,,,,,
[욕설],불건전,아이디,패드립,박제,사진,,,,,,,,,,,,,,,,,,
[욕설],브실,친구들,이친구,보면,닷지하고,같이하면,리폿해,사진,,,,,,,,,,,,,,,
[욕설],푸딩백작,<ㅡ,칼바람,개벌레,만나면,졋다생각해셈,,,,,,,,,,,,,,,,,
[욕설],'서폿차이하면던짐',<<<,무조건,남탓하면서,패드립합니다,사진,,,,,,,,,,,,,,,,,
[욕설],엘리온,하는중,만나면,무조건,신고하세요,,,,,,,,,,,,,,,,,,
[욕설],서폿,걸리고,미드간다,징징거리는,패드리퍼요,사진,,,,,,,,,,,,,,,,,
[욕설],일겜에서,패드립,박는,유저,-목포,정자왕,|,앙버떠,[1],,,,,,,,,,,,,,
[욕설],twitch,브라떠,남탓하며,잠수,제보합니다.,,,,,,,,,,,,,,,,,,
[욕설],내멘탈빼빼로야,니가,이글을,읽든,안읽든,상관없지만...,사진,,,,,,,,,,,,,,,,
[욕설],똥밟지,마세요들..,[2],사진,,,,,,,,,,,,,,,,,,,
[욕설],작은세현이,<ㅡ,개벌레,쓰레기,브라움픽,ㅅㄱ,,,,,,,,,,,,,,,,,
[욕설],"오징어뎁슈,",말없는분,성희롱,신고중입니다.,사진,,,,,,,,,,,,,,,,,,
[욕설],<김신의>박제,게임이,끝난후,패드립과,욕설을,한후에,친삭하네여,사진,,,,,,,,,,,,,,,
[욕설],정글바위게내꺼야,임마,이거,정신감정,받아봐야함,,,,,,,,,,,,,,,,,,
[욕설],IJlJlJlJlJlJlJlI<--욕설+위안부피해자,비하발언,[1],,,,,,,,,,,,,,,,,,,,
[욕설],욕설,신고,GayKim,패드립,,,,,,,,,,,,,,,,,,,
[욕설],하늘,색스,타킹,<,고의트롤,및,지정,욕,모욕죄,고소,예정,색스,타킹,<,고의트롤,및,지정,욕,모욕죄,고소,예정,[1],사진
[욕설],AFTV수혈,패드립+고의트롤,박제합니다,,,,,,,,,,,,,,,,,,,,
[욕설],'뜽우라고',패작러,신고합니다,,,,,,,,,,,,,,,,,,,,
[욕설],엔터키뽑고게임중,<,유미고의패작,,,,,,,,,,,,,,,,,,,,
[욕설],"""",dope,shxt,"""","(일겜연승팟,",고의트롤러),[1],,,,,,,,,,,,,,,,
[욕설],4일의,기적,<<,전닉,shadow,chloe,박제,사진,,,,,,,,,,,,,,,
[욕설],빵쁠린,,,,,,,,,,,,,,,,,,,,,,
[욕설],상상초월,엄청난,사람이,떴어요,,,,,,,,,,,,,,,,,,,
[욕설],유튜브,스제크,스트리밍,롤,ㄱㄱㄱ,,,,,,,,,,,,,,,,,,
[욕설],컴스빌,의,as,,,,,,,,,,,,,,,,,,,,
[욕설],롤,채팅에,번호를,쳐놓고,자기꺼,아닌데ㅋㅋㅋㅋ라고,말했으면,,,,,,,,,,,,,,,,
[욕설],칼바람서,게임저하시키는,훈수충박제,,,,,,,,,,,,,,,,,,,,
[욕설],위안부랑,세월호로,가지고,패드립욕설,신고좀,[1],,,,,,,,,,,,,,,,,
[욕설],MaRin,YouTube,<,프로게이머,이름달고,창*,드립갈기는,잼민이,[2],사진,,,,,,,,,,,,,
[욕설],실시간,유튜브,스제크,스트리밍중,,,,,,,,,,,,,,,,,,,
[욕설],이러지맙시다<버러지,추가요!,[4],사진,,,,,,,,,,,,,,,,,,,
[욕설],유쾌한,놈<응니M2,[1],사진,,,,,,,,,,,,,,,,,,,
[욕설],앙히모띠<뇌없는버러지,[1],사진,,,,,,,,,,,,,,,,,,,,
[욕설],내,꿈은,뜨뜨뜨뜨,<,고의트롤,,,,,,,,,,,,,,,,,,
[욕설],삼양간짬뽕<ㅂㄹㅈZJT,사진,,,,,,,,,,,,,,,,,,,,,
[욕설],휘바껌,<,승률,25%,고의트롤,패드립,욕설,사진,,,,,,,,,,,,,,,
[욕설],I캬샷I주식유튜버,<<,고의트롤,욕설,패드립,[1],,,,,,,,,,,,,,,,,
[욕설],패드립,및,전화번호,유포,고소되나요?,[1],,,,,,,,,,,,,,,,,
[욕설],HALALALA<섹드립,사진,,,,,,,,,,,,,,,,,,,,,
[욕설],닉네임:,요,명,"욕,",트롤,박제합니다,,,,,,,,,,,,,,,,,
[욕설],Roman,Empire<역겨운,패작두오,사진,,,,,,,,,,,,,,,,,,,
[욕설],표창,챱,챱<역겨운,패작,두오,사진,,,,,,,,,,,,,,,,,
[욕설],fangsi,<-,킬뎃,맘에,안들면,던집니다.,,,,,,,,,,,,,,,,,
[욕설],홍,GOLD,보,욕설박제합니다,,,,,,,,,,,,,,,,,,,
[욕설],umpa<박제,[1],사진,,,,,,,,,,,,,,,,,,,,
[욕설],Xi,lian<박제,[2],사진,,,,,,,,,,,,,,,,,,,
[욕설],꼭,혼쭐내주고싶어요!,[1],,,,,,,,,,,,,,,,,,,,
[욕설],일반,한게임,지면,듣는말.jpg,[2],사진,,,,,,,,,,,,,,,,,
[욕설],트롤러,,,,,,,,,,,,,,,,,,,,,,
[욕설],자허블사줄게,-,패드립이,기본인가,봐요?,[1],사진,,,,,,,,,,,,,,,,
[욕설],다랍쥐,칼바람에서,조용히,겜하는데,입터는,카서스,,,,,,,,,,,,,,,,,
[욕설],널위해서해볼게<인류,역사상,최저의,버러지,발견!,사진,,,,,,,,,,,,,,,,,
[욕설],이정우06<버러지,두오,사진,,,,,,,,,,,,,,,,,,,,
[욕설],꽉끼는세라복아리<버러지,두오,사진,,,,,,,,,,,,,,,,,,,,
[욕설],Hee,Top,<<<,자랭,시비충,급식,주의,,,,,,,,,,,,,,,,
[욕설],뚝배기,보스<<<패드립박제,사진,,,,,,,,,,,,,,,,,,,,
[욕설],바게트여친,<<,고아패드립,박제,사진,,,,,,,,,,,,,,,,,,
[욕설],죽어도,너랑,안해<병@같은새@별@ㅐ미없는새@@ㅐ미빨리뒤@새@여물@ㅐ미없는거티내지말고꼭지@을해서지@ㅐ미욕먹이지병@같은새@병@아,라고할뻔,사진,,,,,,,,,,,,,,,,,,
[욕설],체강의qt국대를,가린다.,쇼부다!,사진,,,,,,,,,,,,,,,,,,,
[욕설],밤이밤져,<---,"욕설,","패드립,","성희롱,","조두순,","세월호,",위안부,드립,,,,,,,,,,,,,,
[욕설],최강,M뒤충,선발대회,사진,,,,,,,,,,,,,,,,,,,
[욕설],푸헬<병형신,버스타고,주댕이,나불컽!,사진,,,,,,,,,,,,,,,,,,
[욕설],나는정말잘한다,vs,fhfqorrhktkwjs,최강,병맛을,가린다!,사진,,,,,,,,,,,,,,,,
[욕설],챌까지롤안접는다<당신이이시대의진정한ㅂㄹ지입니다ㅇㅈ,사진,,,,,,,,,,,,,,,,,,,,,
[욕설],딸기킨<버^러지^고a련,사진,,,,,,,,,,,,,,,,,,,,,
[욕설],이시리<@ㅐ미없음니@ㅐ미맛없더라ㅈㄴ역해서토할뻔,사진,,,,,,,,,,,,,,,,,,,,,
[욕설],이강지,6세<내가최강버러지다!,사진,,,,,,,,,,,,,,,,,,,,
[욕설],문흥동응컹박사<qt컽!,사진,,,,,,,,,,,,,,,,,,,,,
[욕설],최강ㅂㄹㅈ선발대회!국대!!,사진,,,,,,,,,,,,,,,,,,,,,
[욕설],l,w,O,u,O,w,l<21세기,최강의,역겨움을,가린다!,사진,,,,,,,,,,,,
[욕설],주주84<꼴값떨지마^^참교육당하기싫으면^^,사진,,,,,,,,,,,,,,,,,,,,,
[욕설],인간계는지루해요<저런,정신병자는,겜,못하게해야됨.,사진,,,,,,,,,,,,,,,,,,
[욕설],땅유니이,-----,이사람이랑,겜,절대,하지마세요...,자기가,말려놓고,자격지심으로,팀원한테,시비걸고,욕하고,겜,던짐,,,,,,,,,
[욕설],Kokia<셀프참교육뒤져버린틀딱ㅠ,사진,,,,,,,,,,,,,,,,,,,,,
[욕설],BTS노무현<198ㅂㄹㅈ캇컷캇,사진,,,,,,,,,,,,,,,,,,,,,
[욕설],솔,탑<ㅂㄹㅈ캇캇!,사진,,,,,,,,,,,,,,,,,,,,
[욕설],옥션<ㅂㄹㅈ컽!,사진,,,,,,,,,,,,,,,,,,,,,
[욕설],랄바람나락<10창아아가리열어봐현타오겠노저러면서엄마가해주는밥먹나어머니감정표현해드림꼬라지보셍,사진,,,,,,,,,,,,,,,,,,,,,
[욕설],DWG,너구리두마리<어머니랑똑같이가버렸네ㅠ194,사진,,,,,,,,,,,,,,,,,,,,
[욕설],조두순,나영이,패드립치는,상대,(할말이,있고,안할말이있지;),사진,,,,,,,,,,,,,,,
[욕설],원딜개l<입걸레193박제,사진,,,,,,,,,,,,,,,,,,,,,
[욕설],연잎에밥말아<입걸레1/10/0박제,사진,,,,,,,,,,,,,,,,,,,,,
[욕설],Urasill<부모잃고넥상에서ㅊ티냄부모없는짓그만쳐해ㄹㅇ갖다버림ㅋㅋ,사진,,,,,,,,,,,,,,,,,,,,,
[욕설],타고난,망나니<ㅄ2캇캇,사진,,,,,,,,,,,,,,,,,,,,
[욕설],IlllllllIIIIIlIl<ㅄ캇캇캇,사진,,,,,,,,,,,,,,,,,,,,,
[욕설],양양꼬치<ㅄ맞추기아님주의,사진,,,,,,,,,,,,,,,,,,,,,
[욕설],롤닉,[,핑찍으면궁스펠쿨,],사진,,,,,,,,,,,,,,,,,,
[욕설],두1치기왕<184ㅄ꼵값참교육ㅉ,사진,,,,,,,,,,,,,,,,,,,,,
[욕설],공대꼬막<ㅈ털리고ㅂㄷㅂㄷ,ㅄ컷,사진,,,,,,,,,,,,,,,,,,,,
[욕설],모범이되는,실력<ㅄ되는,실력,ㅇㅈ?,181ㅄ컷,사진,,,,,,,,,,,,,,,,,
[욕설],원딜서폿탑미드함<ㅄ180박제컷,사진,,,,,,,,,,,,,,,,,,,,,
[욕설],패드립,박는,유저를,거른다,,,,,,,,,,,,,,,,,,,
[욕설],싼다거늬<^8련병^같은련ㄹㅇ개역겹네ㅂ^^,사진,,,,,,,,,,,,,,,,,,,,,
[욕설],재교정<ㅂㄹㅈ잼민이,178,참교육,사진,,,,,,,,,,,,,,,,,,,
[욕설],뜨4<쳐돌은ㅂㄹㅈ177zjx!,[1],사진,,,,,,,,,,,,,,,,,,,,
[욕설],일요일,오후,4시<사생아176박제컽!,사진,,,,,,,,,,,,,,,,,,,
[욕설],창평핸들잡이<ㅇㅍ할게요175qt컷,사진,,,,,,,,,,,,,,,,,,,,,
[욕설],11nho<밑이랑같은,ㅂㄹㅈ174컷,,,,,,,,,,,,,,,,,,,,,
[욕설],총장님<닉에,님자들어가면,뭐다,ㅂㄹㅈ다,이말이야,,,,,,,,,,,,,,,,,,
[욕설],탑던지면오픈<버러지의,극의,172ㅄ컷,사진,,,,,,,,,,,,,,,,,,,
[욕설],베트남돼지<역함주의171qfw컽!,사진,,,,,,,,,,,,,,,,,,,,,
[욕설],오늘도,열린,병림픽.,사진,,,,,,,,,,,,,,,,,,,
[욕설],"아칼리10장인,",채널교정드레이븐<<패작듀오,박제,,,,,,,,,,,,,,,,,,,,
[욕설],차두라리스크<응느금,사진,,,,,,,,,,,,,,,,,,,,,
[욕설],너만을,위한,정<ㅈ같이못하네,사진,,,,,,,,,,,,,,,,,,,
[욕설],김말수<뇌없음주의,사진,,,,,,,,,,,,,,,,,,,,,
[욕설],ililiiliilliilii<**뒤진년,사진,,,,,,,,,,,,,,,,,,,,,
[욕설],뉘른베르크의,전투를,연상케하는,그들만의,리그,사진,,,,,,,,,,,,,,,,,
[욕설],추억속의,그녀<164qfw컽!,사진,,,,,,,,,,,,,,,,,,,,
[욕설],사이좋게두루도훈<하는꼬라지존@나역겹네,사진,,,,,,,,,,,,,,,,,,,,,
[욕설],저돌적인,왕자님<162qfw컽!,사진,,,,,,,,,,,,,,,,,,,,
[욕설],ESSEM2<역대급ㄹㅇ버러지160박제컷,[1],사진,,,,,,,,,,,,,,,,,,,,
[욕설],정주리안,-,게임하기,싫다고,그리,던지면,되나~,사진,,,,,,,,,,,,,,,
[욕설],여원쨩<159qfw컽!,사진,,,,,,,,,,,,,,,,,,,,,
[욕설],포경선장<158qfw컽!,사진,,,,,,,,,,,,,,,,,,,,,
[욕설],챗,셔,-,니도,딜이잖아~,사진,,,,,,,,,,,,,,,,,
[욕설],고인패드립,[2],사진,,,,,,,,,,,,,,,,,,,,
[욕설],정글의왕,"성민<쪽바리,빨갱이와",결탁,[1],사진,,,,,,,,,,,,,,,,,,
[욕설],맛좋은밥먹을래<156국대,버러지,[5],사진,,,,,,,,,,,,,,,,,,,
[욕설],Q평W평담배빨리평<빨갱이,후손,[1],사진,,,,,,,,,,,,,,,,,,,
[욕설],싸이코l샤코<뭐되는줄아는상식없이개기는개역겹고머리가나쁨,154ㅄ박제컽!,[1],사진,,,,,,,,,,,,,,,,,,,
[욕설],망나닝딸<이세계,역겨움이,아니다!,딜량,단303,평점,0.5도,너무,높다,반타작,단,0.25,실화냐?,[1],사진,,,,,,,,
[욕설],삶,is,달걀<2/7/0,리풋좀ㅇㅈㄹ,[2],사진,,,,,,,,,,,,,,,,,
[욕설],이모고기쫌주세요<149컽!,[1],사진,,,,,,,,,,,,,,,,,,,,
[욕설],아주쎈<148컽!,[1],사진,,,,,,,,,,,,,,,,,,,,
[욕설],yerin02,<<,플레부터,마티까지,버스타고,올라온,혜지,[1],,,,,,,,,,,,,,,
[욕설],안녕하세요,좀,도와주세요!,,,,,,,,,,,,,,,,,,,,
[욕설],DK,늙메<,※패륜,주의보※,147컽,사진,,,,,,,,,,,,,,,,,
[욕설],호돌이곱챵,<,개ㅂㄹ현지인,컽ㅋ,ㅋ,사진,,,,,,,,,,,,,,,,,
[욕설],5급형원딜<qfw컷,사진,,,,,,,,,,,,,,,,,,,,,
[욕설],아낌없이죽는나1/6/3박제,[2],사진,,,,,,,,,,,,,,,,,,,,
[욕설],아즈와<145qfw컷,사진,,,,,,,,,,,,,,,,,,,,,
[욕설],xx라지<144,패드립,피딩,박제,[2],사진,,,,,,,,,,,,,,,,,
[욕설],JungByeongRyul<143박제,사진,,,,,,,,,,,,,,,,,,,,,
[욕설],Maeng,Joon,Y<박제컧,사진,,,,,,,,,,,,,,,,,,,
[욕설],인터섹션<141박제,사진,,,,,,,,,,,,,,,,,,,,,
[욕설],TAXC0<140박제,사진,,,,,,,,,,,,,,,,,,,,,
[욕설],응,1<139박제,사진,,,,,,,,,,,,,,,,,,,,
[욕설],둘리,엄마는,화석<@ㅐ미없/138호,박제,사진,,,,,,,,,,,,,,,,,,
[욕설],동두천,원딜대표<역대급버러지영구박제.,사진,,,,,,,,,,,,,,,,,,,,
[욕설],just,swerve<묘친이리저리대주다우한폐렴걸려뒤진거ㅊㅋ,사진,,,,,,,,,,,,,,,,,,,,
[욕설],just,swerve<묘친지옥/ㄹㅇ벼러지/벌레/영구박제컷,사진,,,,,,,,,,,,,,,,,,,,
[욕설],명수뿌<개역겹/정신나감/쓸모없음/대리컷/골드평점1점미만/박제컷,사진,,,,,,,,,,,,,,,,,,,,,
[욕설],부모님,욕은,하면,안되는거,아니에요?,[2],사진,,,,,,,,,,,,,,,,
[욕설],원래,이런거,안하는데,너무,심해서,올립니다,"당돌한주먹밥,","Aeonblast,",배신자임성준,[6],,,,,,,,,,,,,
[욕설],쨔,쓰,짜,스<129qfwz,[1],사진,,,,,,,,,,,,,,,,,
[욕설],군침이,삭,도노<신고했다,^ㅂ럼이,사진,,,,,,,,,,,,,,,,,,
[욕설],[용감한무말랭이],<,패드립유저,,,,,,,,,,,,,,,,,,,,
[욕설],BACARDIMOJITO뇽<126박제,사진,,,,,,,,,,,,,,,,,,,,,
[욕설],배송번호<부모난도질당해잃음,사진,,,,,,,,,,,,,,,,,,,,,
[욕설],국가대표징크스<<트롤러,사진,,,,,,,,,,,,,,,,,,,,,
[욕설],카정간닷<역겨운인생아무도움안되는쓰레기,[1],사진,,,,,,,,,,,,,,,,,,,,
[욕설],치킨에는펩시지<123정공컷,사진,,,,,,,,,,,,,,,,,,,,,
[욕설],골드한정세체원<122박제,사진,,,,,,,,,,,,,,,,,,,,,
[욕설],쨍,돌<121박제,사진,,,,,,,,,,,,,,,,,,,,
[욕설],쉽지안네요<120,박제,사진,,,,,,,,,,,,,,,,,,,,
[욕설],쿠리한<ㅇㅁ뒤진^^ㅣ발련아^^나가뒤지셈,사진,,,,,,,,,,,,,,,,,,,,,
[욕설],임팡가라스<118호,세트,박제.,사진,,,,,,,,,,,,,,,,,,,
[욕설],Nimoni<병540,117호,세트,박제,사진,,,,,,,,,,,,,,,,,,
[욕설],일반은,대충해도,되는,게임이네요,사진,,,,,,,,,,,,,,,,,,
[욕설],I,am,Post,Malone<애미죽음바론한테,사진,,,,,,,,,,,,,,,,,,
[욕설],안스타99<113호,박제,사진,,,,,,,,,,,,,,,,,,,,
[욕설],Baddddd<어매랑,같이,뒤지길,ㅋ,사진,,,,,,,,,,,,,,,,,,
[욕설],[Lv,18,숟가락],플레티넘3,패드립,박제,사진,,,,,,,,,,,,,,,,
[욕설],zeus1109<110호,박제,[1],사진,,,,,,,,,,,,,,,,,,,
[욕설],팀운나쁘면유미픽,<-----,매크로,사용,및,트롤,사진,,,,,,,,,,,,,,,,
[욕설],니들이,물리고,엄한데,남탓하지마,[1],,,,,,,,,,,,,,,,,,
[욕설],2g핸드폰폭망<박제109호,토악질주의,[1],사진,,,,,,,,,,,,,,,,,,,
[욕설],멀리서보면푸른봄<108번째,박제,,,,,,,,,,,,,,,,,,,,,
[욕설],벚꽃딜<역겨움주의,[1],사진,,,,,,,,,,,,,,,,,,,,
[욕설],조수진123<106번째,박제,사진,,,,,,,,,,,,,,,,,,,,
[욕설],도성호상병님,패드립,욕쟁이,어휴,..,사진,,,,,,,,,,,,,,,,,
[욕설],피카츄라이츄꼬부기야도란,<패드리퍼,박제,사진,,,,,,,,,,,,,,,,,,,
[욕설],미친놈한테,잘못걸렸네요,사진,,,,,,,,,,,,,,,,,,,,
[욕설],비매너,3인큐,,,,,,,,,,,,,,,,,,,,,
[욕설],노답,4인큐,사진,,,,,,,,,,,,,,,,,,,,
[욕설],미니맵은안봐여<혐오유발,박제,사진,,,,,,,,,,,,,,,,,,,,
[욕설],린브님<105번째,두오,박제,[2],사진,,,,,,,,,,,,,,,,,,
[욕설],귀염뽀짝샤코<104번째,박제,사진,,,,,,,,,,,,,,,,,,,,
[욕설],영양성분1,<<,계정도용대리,,,,,,,,,,,,,,,,,,,,
[욕설],20170725뽀급,자랭와서,패드립하고,난리네요,,,,,,,,,,,,,,,,,,,
[욕설],lD,노빠구<유미청년,사진,,,,,,,,,,,,,,,,,,,,
[욕설],왜이렐잘해,fan<보dang이,박제,사진,,,,,,,,,,,,,,,,,,,
[욕설],슈크림상추<걍,뒤졋으면,사진,,,,,,,,,,,,,,,,,,,,
[욕설],wjsxowjd123<픽부터,관경병,도짐,사진,,,,,,,,,,,,,,,,,,,
[욕설],니얼굴CC기,패드립퍼,",잠수충",개쓰레기,사진,,,,,,,,,,,,,,,,,,
[욕설],노콘요정,김찬호,<--,채팅,내용,보고,판단해주셈.,사진,,,,,,,,,,,,,,,
[욕설],The,Titleist,<-,고의트롤,패작러,[1],,,,,,,,,,,,,,,,,
[욕설],어른아이님,<ㅡ,칼바람,이름난,개트롤,쓰레기,,,,,,,,,,,,,,,,,
[욕설],사냥꾼최민식,<,"고의트롤,",패드립,사진,,,,,,,,,,,,,,,,,,
[욕설],Hoostar<ㅄ박제,사진,,,,,,,,,,,,,,,,,,,,,
[욕설],no,kaiting<ㅂㄽㄲ박제,사진,,,,,,,,,,,,,,,,,,,,
[욕설],광용이전역언제고<박제,사진,,,,,,,,,,,,,,,,,,,,,
[욕설],기지건설운전병:,살해,"협박,",개인신상요구,,,,,,,,,,,,,,,,,,,
[욕설],위안부,드립치는,플레이어,박제,[2],,,,,,,,,,,,,,,,,,
[욕설],막둥이14,<<패드립및,고소장접수함,,,,,,,,,,,,,,,,,,,,
[욕설],재밌게살아봐요<역겨움주의,사진,,,,,,,,,,,,,,,,,,,,,
[욕설],롤챔프추천받아요<ㅂㄹㅈ222,컷,,,,,,,,,,,,,,,,,,,,,
[욕설],ONEDEAL,KING,KR<ㅂㄹㅈ컷,사진,,,,,,,,,,,,,,,,,,,
[욕설],스치면봇물,<-,패드립,사진,,,,,,,,,,,,,,,,,,,
[욕설],사하구,대표주먹<병있는년,증거다수.,사진,,,,,,,,,,,,,,,,,,,
[욕설],사랑은,오래참고<패드립,박제,사진,,,,,,,,,,,,,,,,,,,
[욕설],강서구가양동<ㅄ박제,사진,,,,,,,,,,,,,,,,,,,,,
[욕설],서폿님,부탁해<ㅂㄹㅈ세트,박제,사진,,,,,,,,,,,,,,,,,,,
[욕설],라인,양보,해줘도,무쓸모,사진,,,,,,,,,,,,,,,,,,
[욕설],고소했음,사진,,,,,,,,,,,,,,,,,,,,,
[욕설],역시는,역시군<역시ㅂㄹㅈ박제,사진,,,,,,,,,,,,,,,,,,,,
[욕설],(아이디:,키머누이),패드립,및,1대1발리고,튐,사진,,,,,,,,,,,,,,,,
[욕설],브실골플동네털기,<<,지속적인,패드립,및,아군,시비,,,,,,,,,,,,,,,,
[욕설],요네의,모든것<<<,조심하세요,,,,,,,,,,,,,,,,,,,,
[욕설],숟숟숟숟,<<,악성욕설,,,,,,,,,,,,,,,,,,,,
[욕설],상대랑,MMR이,같으면,뭐해,패작러,만나면,끝인데,사진,,,,,,,,,,,,,,,
[욕설],국밥챔고수,<,욕설,,,,,,,,,,,,,,,,,,,,
[욕설],qt맞추기,2탄.,사진,,,,,,,,,,,,,,,,,,,,
[욕설],독극물조절달인<ㅇㅁㅊㄴ,사진,,,,,,,,,,,,,,,,,,,,,
[욕설],더,진<ㅂㄹㅈ대회,초대,우승자.,사진,,,,,,,,,,,,,,,,,,
[욕설],Ving,Goo<패드립,사진,,,,,,,,,,,,,,,,,,,,
[욕설],솜달집사님,칼바람에서,욕설,전문가,,,,,,,,,,,,,,,,,,,
[욕설],창만이의형님,<,패드립,박제.,사진,,,,,,,,,,,,,,,,,,
[욕설],그녀에게,가는,날,<,패드립,박제.,사진,,,,,,,,,,,,,,,,
[욕설],Dead876<패드립,두오,사진,,,,,,,,,,,,,,,,,,,,
[욕설],붕대풀린,아무무,-,자기부터,잘하지;;,사진,,,,,,,,,,,,,,,,,
[욕설],말캉몰캉해,<,패드립,박제.,사진,,,,,,,,,,,,,,,,,,
[욕설],뚜비뚜빠담빠담,<,패드립,박제.,사진,,,,,,,,,,,,,,,,,,
[욕설],제일ㅄ,맞추기,ㄹㅇㅋㅋ,사진,,,,,,,,,,,,,,,,,,,
[욕설],오충학,<,패드립,박제,사진,,,,,,,,,,,,,,,,,,
[욕설],유미장인김성민,<,패드립,박제.,사진,,,,,,,,,,,,,,,,,,
[욕설],황화이온,<,패드립,박제.,사진,,,,,,,,,,,,,,,,,,
[욕설],에오에오에오에오,<-,패드립,박제.,사진,,,,,,,,,,,,,,,,,,
[욕설],조윤우<두오,박제,사진,,,,,,,,,,,,,,,,,,,,
[욕설],조몽키<두오,박제,사진,,,,,,,,,,,,,,,,,,,,
[욕설],chapter1998<92062993박제,사진,,,,,,,,,,,,,,,,,,,,,
[욕설],칼등<두오+1,버러지,사진,,,,,,,,,,,,,,,,,,,,
[욕설],김재훈자/박태현자<ㅂㄹㅈ,듀오,사진,,,,,,,,,,,,,,,,,,,,
[욕설],재밌게게임합시다<패드립,사진,,,,,,,,,,,,,,,,,,,,,
[욕설],양우양우,<,패드립,박제.,사진,,,,,,,,,,,,,,,,,,
[욕설],인절미멍뭉이,<,패드립,박제.,사진,,,,,,,,,,,,,,,,,,
[욕설],(N0,DIE,ME,"C4RRY,",명하성의,검),패드립,박제요,사진,,,,,,,,,,,,,,
[욕설],-약빤,닝겐-,선시비로,패드립을?!,,,,,,,,,,,,,,,,,,,
[욕설],니,재<듀오,박제,사진,,,,,,,,,,,,,,,,,,,
[욕설],미드포츈의신<박제,사진,,,,,,,,,,,,,,,,,,,,,
[욕설],크리샤,츄<박제,사진,,,,,,,,,,,,,,,,,,,,
[욕설],'오디세이,오른',패드립,박제합니다.,사진,,,,,,,,,,,,,,,,,,
[욕설],디제이르메휴<듀오,박제,사진,,,,,,,,,,,,,,,,,,,,
[욕설],쳐발리니,욕하는,잼민이덜,사진,,,,,,,,,,,,,,,,,,,
[욕설],갑자기,정치하는,무개념유저,박제,,,,,,,,,,,,,,,,,,,
[욕설],빛나는남자사랑<패드립,,,,,,,,,,,,,,,,,,,,,,
[욕설],NautilLife<패드립,사진,,,,,,,,,,,,,,,,,,,,,
[욕설],마왕,김효종<<,비방및,계정도용,및,패드립,허위,신고,,,,,,,,,,,,,,,
[욕설],기도주의자<뇌병변,사이코,소름,주의.,[1],사진,,,,,,,,,,,,,,,,,
[욕설],탱구와두콩이<박제.,사진,,,,,,,,,,,,,,,,,,,,,
[욕설],던지면,짖음,왈왈<ㅄ잼민이듀오,사진,,,,,,,,,,,,,,,,,,,
[욕설],달리는,돼지<ㅄ잼민이듀오,사진,,,,,,,,,,,,,,,,,,,,
[욕설],쏘꾸쏘꾸<박제,사진,,,,,,,,,,,,,,,,,,,,,
[욕설],Choxx,<<<<<<<,패드립하고,던지는,저능아,사진,,,,,,,,,,,,,,,,,
[욕설],규태욤<위안부,할머님들,들먹이는,욕설,사진,,,,,,,,,,,,,,,,,,
[욕설],남탓하기바쁜게임<ㅇㅁ봏이구멍,사진,,,,,,,,,,,,,,,,,,,,,
[욕설],음파사이로막가<뇌가궁금한애,박제,사진,,,,,,,,,,,,,,,,,,,,
[욕설],고소가능여부,[2],사진,,,,,,,,,,,,,,,,,,,,
[욕설],정말,억울한,상황입니다,[1],,,,,,,,,,,,,,,,,,,
[욕설],<11월제대>,롤,욕설의,현,주소,[3],사진,,,,,,,,,,,,,,,,
[욕설],샤넬백사줘<치매,듀오,,,,,,,,,,,,,,,,,,,,,
[욕설],망겜접고갓겜타자<패드립,치매,듀오,사진,,,,,,,,,,,,,,,,,,,
[욕설],Said,to,me<패드립,듀오,사진,,,,,,,,,,,,,,,,,,
[욕설],둥글둥글구르미<패드립,듀오,박제,사진,,,,,,,,,,,,,,,,,,,
[욕설],박준태,님<고아,박제,사진,,,,,,,,,,,,,,,,,,,
[욕설],공사범,제자,<<<,박제,(패드립,",",1:1,뜨자하고,발리고,도망감,ㅠㅠ),사진,,,,,,,,,,,
[욕설],탑안와주면오픈함,<----,패작,고의,트롤러,,,,,,,,,,,,,,,,,,
[욕설],욕설,박제,사진,,,,,,,,,,,,,,,,,,,,
[욕설],챌,"부캐임돠,",후회,분노,절망,박제,사진,,,,,,,,,,,,,,,,
[욕설],불꽃카Ol팅<박제,사진,,,,,,,,,,,,,,,,,,,,,
[욕설],응애,애기,우준<ㅂㄹㅈ,맞추기.,사진,,,,,,,,,,,,,,,,,,
[욕설],"미니핀엉덩이,","MonkeyPower,",뽀송누나,<<,고의트롤러,,,,,,,,,,,,,,,,,,
[욕설],<나는신웅이다>,첫,판부터,부모,욕,박제,사진,,,,,,,,,,,,,,,,
[욕설],(yAngHag)<<<,패작,박제합니다,사진,,,,,,,,,,,,,,,,,,,
[욕설],<강블링>,박제합니다,ㄹㅇ,악질중,악질입니다,사진,,,,,,,,,,,,,,,,,
[욕설],말걸지마벌레들앙<듀오,박제,사진,,,,,,,,,,,,,,,,,,,,
[욕설],혼자,보기,아까운,병림픽.,사진,,,,,,,,,,,,,,,,,,
[욕설],요즘,고소비용,얼마나,드나요?ㅎㅎㅎㅎㅎ,[2],사진,,,,,,,,,,,,,,,,,
[욕설],일렬횡대로헤져,<<<<,패드립러,입니다,,,,,,,,,,,,,,,,,,,
[욕설],진짜,부모욕도,참,입에,담지,못할,욕설,내뱉습니다.,사람입니까?,[1],사진,,,,,,,,,,,,
[욕설],누누와,와이프<역겨움주의,사진,,,,,,,,,,,,,,,,,,,,
[욕설],럭스먹장/유스타니투스,정치질,듀오,박제,,,,,,,,,,,,,,,,,,,
[욕설],KOREA,동혁,<<,귓으로,겜,제발,한판,같이,해달라하더니,욕함,사진,,,,,,,,,,,,
[욕설],합류는미친짓이다<ㅄ삼위일체,사진,,,,,,,,,,,,,,,,,,,,,
[욕설],나는야퀸서현,꼴픽밖고,부모님,욕까지함,닷지하삼,,,,,,,,,,,,,,,,,,
[욕설],문꼬치,0527/서울역,탑신병자<입걸레듀오,사진,,,,,,,,,,,,,,,,,,,
[욕설],위안부드립,-좀만더김숙희요-,,,,,,,,,,,,,,,,,,,,,
[욕설],더러운,패드리퍼,박제,(feat.,일베충),사진,,,,,,,,,,,,,,,,,
[욕설],손톱깎아라<패드립은,뭐다,듀오다,과학임,사진,,,,,,,,,,,,,,,,,,
[욕설],ET의,제왕,<-,고의트롤러,,,,,,,,,,,,,,,,,,,
[욕설],타다노<인성질,박제^^,사진,,,,,,,,,,,,,,,,,,,,
[욕설],상매미<듀오,패작,박제,,,,,,,,,,,,,,,,,,,,
[욕설],한옥건축<패드립,듀오,사진,,,,,,,,,,,,,,,,,,,,
[욕설],김해사는빗치랄로<<고의트롤,입터는놈,조심,,,,,,,,,,,,,,,,,,,,
[욕설],Dont,want,lose,<플2구간,계정삼,,,,,,,,,,,,,,,,,,
[욕설],구로X지X단지<패드립,박제,사진,,,,,,,,,,,,,,,,,,,,
[욕설],XiA,"녹티,감자떡이<<박제용",,,,,,,,,,,,,,,,,,,,,
[욕설],대찬짱<욕설,및,패작,박제,사진,,,,,,,,,,,,,,,,,,
[욕설],Nerudite,<,본인닉넴으로,유튜브까지하는,"패드립,","고의트롤링,",[3],사진,,,,,,,,,,,,,,,
[욕설],뇌,놓고옴,<<<<<,욕설,테러,부탁드립니다.,,,,,,,,,,,,,,,,,
[욕설],뇌,놓고옴,<<<<<,욕설,테러,부탁드립니다.,,,,,,,,,,,,,,,,,
[욕설],중국한테,점령당한게임,접습니다,ㅋㅋㅋㅋ,사진,,,,,,,,,,,,,,,,,,
[욕설],화,교,<<,ㅇㅁ뒤진,탈주새끼,박제,사진,,,,,,,,,,,,,,,,
[욕설],이건어디에쓰는건<<패작러,사진,,,,,,,,,,,,,,,,,,,,,
[욕설],시전과우등생<<--박제,[1],,,,,,,,,,,,,,,,,,,,,
[욕설],잼민이가,왜케,깝치누,,,,,,,,,,,,,,,,,,,,
[욕설],느금마김문희<<<<박제합니다.,,,,,,,,,,,,,,,,,,,,,,
[욕설],츄파츕스사탕<패작두오,사진,,,,,,,,,,,,,,,,,,,,,
[욕설],주코맘<패작듀오박제,사진,,,,,,,,,,,,,,,,,,,,,
[욕설],정명신의,하드<이하동문,사진,,,,,,,,,,,,,,,,,,,,
[욕설],T1,Lancer<벌레짓,박제,사진,,,,,,,,,,,,,,,,,,,
[욕설],TBP,Josoo,<<,시작부터,담배피다,늦는,프로한다는놈,,,,,,,,,,,,,,,,
[욕설],욕설,유저,패드립유저,박제요,이런분,만나면,신고부터,해주세요,,,,,,,,,,,,,,,
[욕설],동꼽,악성,트롤유저,바그작바그작<<,사진,,,,,,,,,,,,,,,,,,
[욕설],자,살,방,지<그냥,ㅈㅅ해,^^,사진,,,,,,,,,,,,,,,,
[욕설],제꼬삼<↓역겨운,패드립,자신감의,근원,듀오,사진,,,,,,,,,,,,,,,,,
[욕설],리툴,괴물쥐<패드립,박제,사진,,,,,,,,,,,,,,,,,,,
[욕설],1인분만하는남자,위안부드립,고인모욕,폐드립,삼위일체,[1],사진,,,,,,,,,,,,,,,,
[욕설],부모님,욕.,[1],사진,,,,,,,,,,,,,,,,,,,
[욕설],썬더상어2,<-,탈주범,개새끼,,,,,,,,,,,,,,,,,,,
[욕설],팀,대표,트롤,<-,고의,트롤,개새끼,,,,,,,,,,,,,,,,
[욕설],주암쥐7,<--,이새끼,상종도,하지,마셈,,,,,,,,,,,,,,,,,
[욕설],얘를,탑에서,본다면,걍,닷지,해라,사진,,,,,,,,,,,,,,,,
[욕설],와,칼바에서,자꾸,입털길래,뭔가하고,봤더니...,사진,,,,,,,,,,,,,,,,
[욕설],과감한,원딜,<,야라이,겜,하지마라,,,,,,,,,,,,,,,,,
[욕설],봇나라,룰루공주,<<,만나면,닷지,하세요,사진,,,,,,,,,,,,,,,,
[욕설],라이엇,요새,일잘하네요,10분후,정지,먹이고,[1],사진,,,,,,,,,,,,,,,
[욕설],패드립하는,유저와,비하하는,유저,박제,,,,,,,,,,,,,,,,,,
[욕설],형님들,진짜,이거,리폿먹을만한겁니까?,,,,,,,,,,,,,,,,,,,
[욕설],침대,위,소세지,<<,패드립,사진,,,,,,,,,,,,,,,,,
[욕설],dhwlsxor,<<<<<<<<<<<<<<<---패드립,,,,,,,,,,,,,,,,,,,,,
[욕설],매우,악질적인,패작트롤러,214레벨,연대,치의예과,박제,(영상,스샷,O),사진,,,,,,,,,,,,
[욕설],선여눈에서,82년생페미니스트로,닉변했더라?ㅋㅋ,,,,,,,,,,,,,,,,,,,,
[욕설],롤ID:,"하허호후,",성꺼는내똘마니,<<,패드리퍼,스레기들,,,,,,,,,,,,,,,,,
[욕설],돼지고싶으냐아,통매음이,뭔지,아냐,혹시,,,,,,,,,,,,,,,,,,
[욕설],너희는,저능아다,<<<<,애니들고,던지고,팀탓함,사진,,,,,,,,,,,,,,,,
[욕설],vwvvvvww,고의트롤,패작,[2],사진,,,,,,,,,,,,,,,,,,
[욕설],겜하는데,말이,많누;;,사진,,,,,,,,,,,,,,,,,,,
[욕설],분신이야xx야,,,,,,,,,,,,,,,,,,,,,,
[욕설],무개념,고의트롤,및,"정치,패드립",[탈론원챔만,한다],,,,,,,,,,,,,,,,,
[욕설],one,hyoung,<<패드립,및,비매너,,,,,,,,,,,,,,,,,,
[욕설],석원짱짱짱맨<<<<<<라인전,발리고,바로,팀원들한테,패드립날림,,,,,,,,,,,,,,,,,,
[욕설],정지시사용,친추,걸어서,테러,부탁드립니다,,,,,,,,,,,,,,,,,,
[욕설],"01030487128,",민재와,뚱이,<<,"욕설,인신공격",[1],,,,,,,,,,,,,,,,,
[욕설],[박제]나랑게임하면틩김,일겜에서,미드,지고있으니깐,패드립박습니다,,,,,,,,,,,,,,,,,,
[욕설],실시간,예비강간범ㅅㄲ,,,,,,,,,,,,,,,,,,,,,
[욕설],무엣돼지,<<<<<<패드립퍼,arunak<<<<<<<패드립퍼,,,,,,,,,,,,,,,,,,,,
[욕설],그라가슴,원툴<<입만,하루종일,터는놈,,,,,,,,,,,,,,,,,,,
[욕설],쉽게패는편<픽창부터패드립,사진,,,,,,,,,,,,,,,,,,,,,
[욕설],령,찬,<-,무리하면서,계속,죽어주는,고의트롤러,,,,,,,,,,,,,,,,
[욕설],롤,참행복한세상,박제,사진,,,,,,,,,,,,,,,,,,,
[욕설],롤ID,:,Bumpercar,<<,패작벌레,사진,,,,,,,,,,,,,,,,,
[욕설],패드립,유저,박제,&고소장,사진,,,,,,,,,,,,,,,,,,
[욕설],schroommer<씨발련,ㅉㅉ,사진,,,,,,,,,,,,,,,,,,,,
[욕설],비누,bubble<---,패작,트롤링,신고합니다.,사진,,,,,,,,,,,,,,,,,
[욕설],시즌,트롤링,박제,-,탓하면바로던져요,-,박제합니다,사진,,,,,,,,,,,,,,,
[욕설],롤ID,:,"용찬이,",이상한서포터만함,<<,일베,패드리퍼,벌레들,사진,,,,,,,,,,,,,,
[욕설],형,지금,몇시야,<-탈주러,닷지하세요,,,,,,,,,,,,,,,,,,
[욕설],와이파이비번좀요,,,,,,,,,,,,,,,,,,,,,,
[욕설],인쌩맥쭈,,,,,,,,,,,,,,,,,,,,,,
[욕설],600판,네츄럴,골드,>>,천한호,<<,,,,,,,,,,,,,,,,,
[욕설],Slappy,<-,꼴픽하고,라인전하다,바로,나가는,악질,,,,,,,,,,,,,,,,
[욕설],우리나라,초딩인지,성인인지,어쨌든,학생이거나,성인의,한심한,수치,사진,,,,,,,,,,,,,,
[욕설],배치,첫판..,장인들의,숨막히는,쓰로윙.JPG,[1],사진,,,,,,,,,,,,,,,,
[욕설],잼민이3명이,일베를하네요,,,,,,,,,,,,,,,,,,,,,
[욕설],jlh,<--,패드립,박제여,,,,,,,,,,,,,,,,,,,
[욕설],부캐fitBT,본캐,climb,트롤링,박제합니다.,,,,,,,,,,,,,,,,,,
[욕설],정인이,및,"나영이,고인모독",욕설,유저들,신고합니다.,사진,,,,,,,,,,,,,,,,
[욕설],NMNMNMNMM,게임도중,욕설,,,,,,,,,,,,,,,,,,,,
[욕설],웅카이,<<,고의트롤,패작러,,,,,,,,,,,,,,,,,,,
[욕설],"심해의장난꾸러기,",리븐장인박종현,<--,패드립,듀오,박제시킵니다.,비디오,사진,,,,,,,,,,,,,,,
[욕설],Green,Aurora<<,이아이디,아는,분?,실제,지인이나,친구분?,,,,,,,,,,,,,,,
[욕설],"부처멘탈대길이:킬딸,허위사실,폐드립,관종",,,,,,,,,,,,,,,,,,,,,,
[욕설],민초먹고,싶은,"밤,",상어탈,-,벌레듀오,,,,,,,,,,,,,,,,,
[욕설],mute,all,노,서렌,-,인성,무엇?,사진,,,,,,,,,,,,,,,
[욕설],Whatever,YouLike,<--신드라로,정글방해,,,,,,,,,,,,,,,,,,,
[욕설],개짖는체리,<ㅡ,이름난,티모충픽,쓰레기,고의트롤,,,,,,,,,,,,,,,,,
[욕설],라인우기면오픈,<<친추테러나,신고한번씩좀,사진,,,,,,,,,,,,,,,,,,,
[욕설],호랭캐리네<벌레,박제,사진,,,,,,,,,,,,,,,,,,,,
[욕설],비전마법샤코,선비와낭자,<<,쌉,고의트롤,,,,,,,,,,,,,,,,,,
[욕설],롤,경작,사기,잡을,수,있나요.,,,,,,,,,,,,,,,,,
[욕설],영혼의꽃,가렌,롤알못,레알,똥쓰레기,[1],,,,,,,,,,,,,,,,,
[욕설],검은손짜장,-,일반겜인데,조용히,겜,좀,하자,사진,,,,,,,,,,,,,,,
[욕설],4인,노답,파티,[3],사진,,,,,,,,,,,,,,,,,,
[욕설],SONIC,LT,<ㅡ,패드립퍼,겜트롤,신고,ㄱㄱ,사진,,,,,,,,,,,,,,,
[욕설],'안녕하쌔요',<---,욕설러,주의,요망!,사진,,,,,,,,,,,,,,,,,
[욕설],45세곽두팔,<,ㅇㅁ뒤진,탈주새끼,박제,사진,,,,,,,,,,,,,,,,,
[욕설],-4인,파티,신고-,아무리,적이라지만,너무하네,[1],사진,,,,,,,,,,,,,,,
[욕설],Healing파머시,패작,트롤,사진,,,,,,,,,,,,,,,,,,,
[욕설],FKMAN,비매너,협박,트롤,사진,,,,,,,,,,,,,,,,,,
[욕설],우유빛새싹<-,고의트롤러,닷지하세요,,,,,,,,,,,,,,,,,,,,
[욕설],블크그자체,욕설/정치적,발언,신고합니다.,,,,,,,,,,,,,,,,,,,
[욕설],통감자스넥<-,게임수시로탈주하는,트롤입니다.,,,,,,,,,,,,,,,,,,,,
[욕설],"희제빵:폐드립,개인정보",유출,협박,,,,,,,,,,,,,,,,,,,,
[욕설],미드탑,가는,서폿<<패드립,다들,조심하세요,[1],사진,,,,,,,,,,,,,,,,
[욕설],천재,인생,욕설,및,선입털기,,,,,,,,,,,,,,,,,,
[욕설],"욕설,","패드립,",게임,던지는,넘,사진,,,,,,,,,,,,,,,,,
[욕설],-씽쑹쌕쑤한,남자-,노인성,유저,신고요,,,,,,,,,,,,,,,,,,
[욕설],I,이게나야,I,<<,겜던지는,고의트롤러,닷지하세요,사진,,,,,,,,,,,,,,,
[욕설],조두순,드립하는,급식,박제합니다.,사진,,,,,,,,,,,,,,,,,,
[욕설],DuskBlade,패드립,욕설,박제합니다,[1],사진,,,,,,,,,,,,,,,,,
[욕설],최찬유,<-,고의트롤,[1],,,,,,,,,,,,,,,,,,,
[욕설],닉네임,:,무하마드얄리,신고,,,,,,,,,,,,,,,,,,,
[욕설],봇빨간사춘기,패드립,박제시킵니다.,,,,,,,,,,,,,,,,,,,,
[욕설],인공지능,캣타워,<,배정된,포지션,거부,및,꼴픽,,,,,,,,,,,,,,,
[욕설],[박제]Jea,Hyeon00,위안부드립침,전번깜,01085571284,,,,,,,,,,,,,,,,,,
